Workbook

Sheet Instrukcja
B1: Projekt Bookie B: wybór modelu rozliczenia dla trzech partnerów
B3: Cel projektu
B4: Na podstawie historycznych kohort policzyć wartość gracza (LTV) u każdego partnera, porównać oferty (CPA, RevShare, hybryda) i zarekomendować model dla każdego z nich oraz ocenić efekt dla całego portfela.
B6: Jak czytać arkusze (legenda kolorów)
B7: Niebieski tekst = dane wejściowe i założenia (możesz je zmieniać)
B8: Czarny tekst = formuły (nie nadpisuj, chyba że ćwiczysz)
B9: Zielony tekst = odwołanie do innego arkusza
B10: Żółte tło = kluczowe założenia, od których najbardziej zależy wynik
B13: Co jest w pliku
B14: Dane_kohorty: 18 kohort historycznych (3 partnerów × 6 miesięcy), NGR w kolejnych miesiącach życia.
B15: Założenia: oferty partnerów, nasz koszt pozyskania, planowane FTD i współczynnik ekstrapolacji.
B16: Analiza: NGR na gracza w czasie, LTV 6M i 12M, porównanie modeli i rekomendacja.
... B18: Wnioski: analiza i rekomendacja

Sheet Dane_kohorty
A1: Dane historyczne kohort (FIKCYJNE)
A2: Każdy wiersz = kohorta graczy z jednego miesiąca. NGR w zł łącznie dla całej kohorty w kolejnych miesiącach życia.
A4: Partner | B4: Kohorta | C4: FTD | D4: NGR m1 (zł) | E4: NGR m2 (zł) | F4: NGR m3 (zł) | G4: NGR m4 (zł) | H4: NGR m5 (zł) | I4: NGR m6 (zł)
A5: Partner A | B5: 2025-01 | C5: 80 | D5: 11805 | E5: 10064 | F5: 7592 | G5: 6681 | H5: 6038 | I5: 6373
A6: Partner A | B6: 2025-02 | C6: 77 | D6: 11302 | E6: 9096 | F6: 6976 | G6: 6540 | H6: 6321 | I6: 5298
A7: Partner A | B7: 2025-03 | C7: 66 | D7: 11016 | E7: 8239 | F7: 6494 | G7: 5880 | H7: 5172 | I7: 5386
A8: Partner A | B8: 2025-04 | C8: 84 | D8: 14262 | E8: 10479 | F8: 8132 | G8: 7039 | H8: 7518 | I8: 6175
A9: Partner A | B9: 2025-05 | C9: 62 | D9: 9682 | E9: 7230 | F9: 6007 | G9: 5317 | H9: 4620 | I9: 4674
A10: Partner A | B10: 2025-06 | C10: 63 | D10: 11034 | E10: 7376 | F10: 6366 | G10: 6044 | H10: 5288 | I10: 5134
A11: Partner B | B11: 2025-01 | C11: 174 | D11: 21734 | E11: 7119 | F11: 4113 | G11: 2667 | H11: 1913 | I11: 1647
A12: Partner B | B12: 2025-02 | C12: 162 | D12: 18974 | E12: 7222 | F12: 4321 | G12: 2417 | H12: 1888 | I12: 1675
A13: Partner B | B13: 2025-03 | C13: 159 | D13: 19496 | E13: 6684 | F13: 4157 | G13: 2373 | H13: 1862 | I13: 1746
A14: Partner B | B14: 2025-04 | C14: 178 | D14: 22149 | E14: 8559 | F14: 4696 | G14: 2694 | H14: 1936 | I14: 1714
A15: Partner B | B15: 2025-05 | C15: 184 | D15: 20164 | E15: 8964 | F15: 4662 | G15: 3072 | H15: 2081 | I15: 1840
A16: Partner B | B16: 2025-06 | C16: 208 | D16: 23177 | E16: 8685 | F16: 5455 | G16: 3354 | H16: 2619 | I16: 2050
... A22: Partner C | B22: 2025-06 | C22: 112 | D22: 14877 | E22: 8859 | F22: 7662 | G22: 6209 | H22: 5676 | I22: 4845

Sheet Założenia
A1: Oferty partnerów i założenia
A2: Co każdy partner proponuje i ile graczy planujemy mu wysłać w ciągu 12 miesięcy.
A4: Partner | B4: CPA (zł/FTD) | C4: RevShare (% NGR) | D4: Hybryda: CPA (zł) | E4: Hybryda: % NGR | F4: Nasz koszt pozyskania FTD (zł) | G4: Planowane FTD (12 mies.)
A5: Partner A | B5: 180 | C5: 0.25 | D5: 60 | E5: 0.12 | F5: 150 | G5: 400
A6: Partner B | B6: 140 | C6: 0.35 | D6: 50 | E6: 0.15 | F6: 70 | G6: 900
A7: Partner C | B7: 200 | C7: 0.28 | D7: 100 | E7: 0.2 | F7: 110 | G7: 500
A9: Miesięczny współczynnik spadku NGR po miesiącu 6 | B9: 0.9 | C9: Ekstrapolacja miesięcy 7–12: NGR/FTD w m6 × 0,90 w m7, × 0,90² w m8 itd. (założenie, nie fakt).

Sheet Analiza
A1: Analiza: wartość gracza (LTV) i najlepszy model dla każdego partnera
A3: A. NGR na 1 FTD w kolejnych miesiącach życia gracza (zł) – z danych historycznych
A4: Partner | B4: FTD łącznie | C4: NGR/FTD m1 | D4: NGR/FTD m2 | E4: NGR/FTD m3 | F4: NGR/FTD m4 | G4: NGR/FTD m5 | H4: NGR/FTD m6 | I4: LTV 6M (zł) | J4: Ekstrapolacja m7–12 (zł) | K4: LTV 12M (zł) | L4: Spadek NGR m6 vs m1
A5: =Założenia!A5 -> Partner A | B5: =SUMIFS(Dane_kohorty!$C$5:$C$22,Dane_kohorty!$A$5:$A$22,$A5) -> 432 | C5: =SUMIFS(Dane_kohorty!D$5:D$22,Dane_kohorty!$A$5:$A$22,$A5)/$B5 -> 159.95602 | D5: =SUMIFS(Dane_kohorty!E$5:E$22,Dane_kohorty!$A$5:$A$22,$A5)/$B5 -> 121.49074 | E5: =SUMIFS(Dane_kohorty!F$5:F$22,Dane_kohorty!$A$5:$A$22,$A5)/$B5 -> 96.219907 | F5: =SUMIFS(Dane_kohorty!G$5:G$22,Dane_kohorty!$A$5:$A$22,$A5)/$B5 -> 86.80787 | G5: =SUMIFS(Dane_kohorty!H$5:H$22,Dane_kohorty!$A$5:$A$22,$A5)/$B5 -> 80.918981 | H5: =SUMIFS(Dane_kohorty!I$5:I$22,Dane_kohorty!$A$5:$A$22,$A5)/$B5 -> 76.481481 | I5: =SUM(C5:H5) -> 621.875 | J5: =H5*Założenia!$B$9*(1-Założenia!$B$9^6)/(1-Założenia!$B$9) -> 322.52478 | K5: =I5+J5 -> 944.39978 | L5: =H5/C5 -> 0.47814069
A6: =Założenia!A6 -> Partner B | B6: =SUMIFS(Dane_kohorty!$C$5:$C$22,Dane_kohorty!$A$5:$A$22,$A6) -> 1065 | C6: =SUMIFS(Dane_kohorty!D$5:D$22,Dane_kohorty!$A$5:$A$22,$A6)/$B6 -> 118.02254 | D6: =SUMIFS(Dane_kohorty!E$5:E$22,Dane_kohorty!$A$5:$A$22,$A6)/$B6 -> 44.350235 | E6: =SUMIFS(Dane_kohorty!F$5:F$22,Dane_kohorty!$A$5:$A$22,$A6)/$B6 -> 25.731455 | F6: =SUMIFS(Dane_kohorty!G$5:G$22,Dane_kohorty!$A$5:$A$22,$A6)/$B6 -> 15.565258 | G6: =SUMIFS(Dane_kohorty!H$5:H$22,Dane_kohorty!$A$5:$A$22,$A6)/$B6 -> 11.548357 | H6: =SUMIFS(Dane_kohorty!I$5:I$22,Dane_kohorty!$A$5:$A$22,$A6)/$B6 -> 10.020657 | I6: =SUM(C6:H6) -> 225.2385 | J6: =H6*Założenia!$B$9*(1-Założenia!$B$9^6)/(1-Założenia!$B$9) -> 42.257422 | K6: =I6+J6 -> 267.49592 | L6: =H6/C6 -> 0.08490461
A7: =Założenia!A7 -> Partner C | B7: =SUMIFS(Dane_kohorty!$C$5:$C$22,Dane_kohorty!$A$5:$A$22,$A7) -> 635 | C7: =SUMIFS(Dane_kohorty!D$5:D$22,Dane_kohorty!$A$5:$A$22,$A7)/$B7 -> 131.93858 | D7: =SUMIFS(Dane_kohorty!E$5:E$22,Dane_kohorty!$A$5:$A$22,$A7)/$B7 -> 85.15748 | E7: =SUMIFS(Dane_kohorty!F$5:F$22,Dane_kohorty!$A$5:$A$22,$A7)/$B7 -> 67.562205 | F7: =SUMIFS(Dane_kohorty!G$5:G$22,Dane_kohorty!$A$5:$A$22,$A7)/$B7 -> 53.255118 | G7: =SUMIFS(Dane_kohorty!H$5:H$22,Dane_kohorty!$A$5:$A$22,$A7)/$B7 -> 47.554331 | H7: =SUMIFS(Dane_kohorty!I$5:I$22,Dane_kohorty!$A$5:$A$22,$A7)/$B7 -> 42.385827 | I7: =SUM(C7:H7) -> 427.85354 | J7: =H7*Założenia!$B$9*(1-Założenia!$B$9^6)/(1-Założenia!$B$9) -> 178.74235 | K7: =I7+J7 -> 606.59589 | L7: =H7/C7 -> 0.32125422
A9: B. Prowizja na 1 FTD po 12 mies. w każdym modelu (zł) i rekomendacja
A10: Partner | B10: CPA | C10: RevShare | D10: Hybryda | E10: Rekomendowany model | F10: Prowizja na FTD: rekomendowany (zł) | G10: Nasz koszt na FTD (zł) | H10: Zysk na FTD: rekomendowany (zł) | I10: Przewaga nad samym CPA (zł/FTD)
A11: =Założenia!A5 -> Partner A | B11: =Założenia!B5 -> 180 | C11: =K5*Założenia!C5 -> 236.09994 | D11: =Założenia!D5+K5*Założenia!E5 -> 173.32797 | E11: =INDEX($B$10:$D$10,MATCH(MAX(B11:D11),B11:D11,0)) -> RevShare | F11: =MAX(B11:D11) -> 236.09994 | G11: =Założenia!F5 -> 150 | H11: =F11-G11 -> 86.099945 | I11: =F11-B11 -> 56.099945
A12: =Założenia!A6 -> Partner B | B12: =Założenia!B6 -> 140 | C12: =K6*Założenia!C6 -> 93.623572 | D12: =Założenia!D6+K6*Założenia!E6 -> 90.124388 | E12: =INDEX($B$10:$D$10,MATCH(MAX(B12:D12),B12:D12,0)) -> CPA | F12: =MAX(B12:D12) -> 140 | G12: =Założenia!F6 -> 70 | H12: =F12-G12 -> 70 | I12: =F12-B12 -> 0
A13: =Założenia!A7 -> Partner C | B13: =Założenia!B7 -> 200 | C13: =K7*Założenia!C7 -> 169.84685 | D13: =Założenia!D7+K7*Założenia!E7 -> 221.31918 | E13: =INDEX($B$10:$D$10,MATCH(MAX(B13:D13),B13:D13,0)) -> Hybryda | F13: =MAX(B13:D13) -> 221.31918 | G13: =Założenia!F7 -> 110 | H13: =F13-G13 -> 111.31918 | I13: =F13-B13 -> 21.319178

Sheet Portfel
A1: Portfel: ile zarobimy w 12 miesięcy przy różnych decyzjach?
A3: Partner | B3: Planowane FTD | C3: Zysk: wszystko CPA (zł) | D3: Zysk: wszystko RevShare (zł) | E3: Zysk: wszystko Hybryda (zł) | F3: Zysk: model rekomendowany (zł) | G3: Zysk ponad samo CPA (zł) | H3: Udział w zysku portfela
A4: =Założenia!A5 -> Partner A | B4: =Założenia!G5 -> 400 | C4: =B4*(Analiza!B11-Założenia!F5) -> 12000 | D4: =B4*(Analiza!C11-Założenia!F5) -> 34439.978 | E4: =B4*(Analiza!D11-Założenia!F5) -> 9331.1894 | F4: =B4*Analiza!H11 -> 34439.978 | G4: =F4-C4 -> 22439.978 | H4: =F4/$F$7 -> 0.2249515
A5: =Założenia!A6 -> Partner B | B5: =Założenia!G6 -> 900 | C5: =B5*(Analiza!B12-Założenia!F6) -> 63000 | D5: =B5*(Analiza!C12-Założenia!F6) -> 21261.215 | E5: =B5*(Analiza!D12-Założenia!F6) -> 18111.949 | F5: =B5*Analiza!H12 -> 63000 | G5: =F5-C5 -> 0 | H5: =F5/$F$7 -> 0.41149692
A6: =Założenia!A7 -> Partner C | B6: =Założenia!G7 -> 500 | C6: =B6*(Analiza!B13-Założenia!F7) -> 45000 | D6: =B6*(Analiza!C13-Założenia!F7) -> 29923.424 | E6: =B6*(Analiza!D13-Założenia!F7) -> 55659.589 | F6: =B6*Analiza!H13 -> 55659.589 | G6: =F6-C6 -> 10659.589 | H6: =F6/$F$7 -> 0.36355158
A7: Razem | B7: =SUM(B4:B6) -> 1800 | C7: =SUM(C4:C6) -> 120000 | D7: =SUM(D4:D6) -> 85624.617 | E7: =SUM(E4:E6) -> 83102.727 | F7: =SUM(F4:F6) -> 153099.57 | G7: =SUM(G4:G6) -> 33099.567 | H7: =SUM(H4:H6) -> 1
A9: Największa koncentracja zysku (udział jednego partnera) | B9: =MAX(H4:H6) -> 0.41149692
A10: Partner o największej koncentracji | B10: =INDEX(A4:A6,MATCH(MAX(H4:H6),H4:H6,0)) -> Partner B

Sheet Wnioski
A1: Wnioski i rekomendacje
A3: ="1. "&Analiza!A11&": rekomendowany model to "&Analiza!E11&" (prowizja "&ROUND(Analiza!F11,0)&" zł na FTD, zysk "&ROUND(Analiza!H11,0)&" zł)." -> 1. Partner A: rekomendowany model to RevShare (prowizja 236 zł na FTD, zysk 86 zł).
A4: ="2. "&Analiza!A12&": rekomendowany model to "&Analiza!E12&" (prowizja "&ROUND(Analiza!F12,0)&" zł na FTD, zysk "&ROUND(Analiza!H12,0)&" zł)." -> 2. Partner B: rekomendowany model to CPA (prowizja 140 zł na FTD, zysk 70 zł).
A5: ="3. "&Analiza!A13&": rekomendowany model to "&Analiza!E13&" (prowizja "&ROUND(Analiza!F13,0)&" zł na FTD, zysk "&ROUND(Analiza!H13,0)&" zł)." -> 3. Partner C: rekomendowany model to Hybryda (prowizja 221 zł na FTD, zysk 111 zł).
A11: Dobór modeli zamiast jednego dla wszystkich daje 33100 zł dodatkowego zysku w 12 miesięcy względem samego CPA.
A12: Ryzyko | Najbardziej zależymy od partnera: Partner B (41% zysku portfela).
