Workbook

Sheet Instrukcja
B1: Projekt Bookie A: CPA vs RevShare vs Hybryda dla jednej kohorty graczy
B3: Cel projektu
B4: Zbudować model, który odpowiada na pytanie: który sposób rozliczenia (CPA, RevShare czy hybryda) daje nam więcej pieniędzy i jak szybko zwraca się koszt pozyskania gracza.
B6: Jak czytać arkusze (legenda kolorów)
B7: Niebieski tekst = dane wejściowe i założenia
B8: Czarny tekst = formuły
B9: Zielony tekst = odwołanie do innego arkusza
B10: Żółte tło = kluczowe założenia, od których najbardziej zależy wynik
B13: Co jest w pliku
B14: Założenia: wszystkie liczby wejściowe i krzywa retencji
B15: Model: miesiąc po miesiącu NGR gracza, wypłata i zysk skumulowany dla każdego modelu.
B16: Podsumowanie: porównanie modeli, wartość bieżąca (NPV), zwrot kosztu, próg opłacalności i wykres.
... B18: Wnioski: analiza i rekomendacja

Sheet Założenia
A1: Założenia: CPA vs RevShare vs Hybryda (jedna kohorta graczy)
A4: Parametr | B4: Wartość | C4: Opis
A5: Liczba nowych graczy (FTD) w kohorcie | B5: 100 | C5: Ilu graczy pierwszy raz wpłaciło pieniądze w jednym miesiącu
A6: Model CPA: stała kwota za gracza (zł) | B6: 150 | C6: Jednorazowa wypłata za każdego FTD
A7: Model RevShare: % od NGR | B7: 0.3 | C7: Procent od przychodu netto (NGR) bukmachera z gracza, co miesiąc
A8: Hybryda: stała kwota za gracza (zł) | B8: 50 | C8: Część stała modelu hybrydowego
A9: Hybryda: % od NGR | B9: 0.15 | C9: Część procentowa modelu hybrydowego
A10: NGR gracza w miesiącu 1 (zł) | B10: 65 | C10: Średni NGR jednego gracza w pierwszym miesiącu
A11: Odliczenia od NGR (%) | B11: 0.05 | C11: Np. negative carryover, opłaty płatnicze; zmniejszają bazę RevShare
A12: Nasz koszt pozyskania 1 FTD (zł) | B12: 70 | C12: Koszt ruchu, treści, linków przypadający na jednego FTD
A13: Stopa dyskontowa miesięczna | B13: 0.01 | C13: Do wartości bieżącej (NPV): pieniądze dziś są więcej warte niż później
A15: Miesiąc | B15: Retencja (% graczy aktywnych)
A16: 1 | B16: 1 | C16: Miesiąc 1 = 100% (wszyscy właśnie wpłacili). Dalej spada przez churn.
A17: 2 | B17: 0.55
A18: 3 | B18: 0.4
A19: 4 | B19: 0.32
A20: 5 | B20: 0.27
A21: 6 | B21: 0.23
A22: 7 | B22: 0.2
A23: 8 | B23: 0.18
A24: 9 | B24: 0.16
A25: 10 | B25: 0.14
A26: 11 | B26: 0.13
A27: 12 | B27: 0.12

Sheet Model
A1: Model miesięczny na 1 gracza (FTD)
A2: Wszystkie kwoty w zł na jednego gracza. Prowizja = to, co my dostajemy od bukmachera.
A3: Miesiąc | B3: Retencja | C3: NGR gracza po odliczeniach (zł) | D3: NGR skumulowany (zł) | E3: Wypłata CPA (zł) | F3: Wypłata RevShare (zł) | G3: Wypłata Hybryda (zł) | H3: Prowizja skum. CPA (zł) | I3: Prowizja skum. RevShare (zł) | J3: Prowizja skum. Hybryda (zł) | K3: Zysk skum. CPA (zł) | L3: Zysk skum. RevShare (zł) | M3: Zysk skum. Hybryda (zł) | N3: Czynnik dyskontowy | O3: Zwrot kosztu: CPA | P3: Zwrot kosztu: RevShare | Q3: Zwrot kosztu: Hybryda
A4: =Założenia!A16 -> 1 | B4: =Założenia!B16 -> 1 | C4: =Założenia!$B$10*B4*(1-Założenia!$B$11) -> 61.75 | D4: =SUM($C$4:C4) -> 61.75 | E4: =IF(A4=1,Założenia!$B$6,0) -> 150 | F4: =C4*Założenia!$B$7 -> 18.525 | G4: =IF(A4=1,Założenia!$B$8,0)+C4*Założenia!$B$9 -> 59.2625 | H4: =SUM($E$4:E4) -> 150 | I4: =SUM($F$4:F4) -> 18.525 | J4: =SUM($G$4:G4) -> 59.2625 | K4: =H4-Założenia!$B$12 -> 80 | L4: =I4-Założenia!$B$12 -> -51.475 | M4: =J4-Założenia!$B$12 -> -10.7375 | N4: =1/(1+Założenia!$B$13)^(A4-1) -> 1 | O4: =IF(K4>=0,A4,"") -> 1 | P4: =IF(L4>=0,A4,"") | Q4: =IF(M4>=0,A4,"")
A5: =Założenia!A17 -> 2 | B5: =Założenia!B17 -> 0.55 | C5: =Założenia!$B$10*B5*(1-Założenia!$B$11) -> 33.9625 | D5: =SUM($C$4:C5) -> 95.7125 | E5: =IF(A5=1,Założenia!$B$6,0) -> 0 | F5: =C5*Założenia!$B$7 -> 10.18875 | G5: =IF(A5=1,Założenia!$B$8,0)+C5*Założenia!$B$9 -> 5.094375 | H5: =SUM($E$4:E5) -> 150 | I5: =SUM($F$4:F5) -> 28.71375 | J5: =SUM($G$4:G5) -> 64.356875 | K5: =H5-Założenia!$B$12 -> 80 | L5: =I5-Założenia!$B$12 -> -41.28625 | M5: =J5-Założenia!$B$12 -> -5.643125 | N5: =1/(1+Założenia!$B$13)^(A5-1) -> 0.99009901 | O5: =IF(K5>=0,A5,"") -> 2 | P5: =IF(L5>=0,A5,"") | Q5: =IF(M5>=0,A5,"")
A6: =Założenia!A18 -> 3 | B6: =Założenia!B18 -> 0.4 | C6: =Założenia!$B$10*B6*(1-Założenia!$B$11) -> 24.7 | D6: =SUM($C$4:C6) -> 120.4125 | E6: =IF(A6=1,Założenia!$B$6,0) -> 0 | F6: =C6*Założenia!$B$7 -> 7.41 | G6: =IF(A6=1,Założenia!$B$8,0)+C6*Założenia!$B$9 -> 3.705 | H6: =SUM($E$4:E6) -> 150 | I6: =SUM($F$4:F6) -> 36.12375 | J6: =SUM($G$4:G6) -> 68.061875 | K6: =H6-Założenia!$B$12 -> 80 | L6: =I6-Założenia!$B$12 -> -33.87625 | M6: =J6-Założenia!$B$12 -> -1.938125 | N6: =1/(1+Założenia!$B$13)^(A6-1) -> 0.98029605 | O6: =IF(K6>=0,A6,"") -> 3 | P6: =IF(L6>=0,A6,"") | Q6: =IF(M6>=0,A6,"")
A7: =Założenia!A19 -> 4 | B7: =Założenia!B19 -> 0.32 | C7: =Założenia!$B$10*B7*(1-Założenia!$B$11) -> 19.76 | D7: =SUM($C$4:C7) -> 140.1725 | E7: =IF(A7=1,Założenia!$B$6,0) -> 0 | F7: =C7*Założenia!$B$7 -> 5.928 | G7: =IF(A7=1,Założenia!$B$8,0)+C7*Założenia!$B$9 -> 2.964 | H7: =SUM($E$4:E7) -> 150 | I7: =SUM($F$4:F7) -> 42.05175 | J7: =SUM($G$4:G7) -> 71.025875 | K7: =H7-Założenia!$B$12 -> 80 | L7: =I7-Założenia!$B$12 -> -27.94825 | M7: =J7-Założenia!$B$12 -> 1.025875 | N7: =1/(1+Założenia!$B$13)^(A7-1) -> 0.97059015 | O7: =IF(K7>=0,A7,"") -> 4 | P7: =IF(L7>=0,A7,"") | Q7: =IF(M7>=0,A7,"") -> 4
A8: =Założenia!A20 -> 5 | B8: =Założenia!B20 -> 0.27 | C8: =Założenia!$B$10*B8*(1-Założenia!$B$11) -> 16.6725 | D8: =SUM($C$4:C8) -> 156.845 | E8: =IF(A8=1,Założenia!$B$6,0) -> 0 | F8: =C8*Założenia!$B$7 -> 5.00175 | G8: =IF(A8=1,Założenia!$B$8,0)+C8*Założenia!$B$9 -> 2.500875 | H8: =SUM($E$4:E8) -> 150 | I8: =SUM($F$4:F8) -> 47.0535 | J8: =SUM($G$4:G8) -> 73.52675 | K8: =H8-Założenia!$B$12 -> 80 | L8: =I8-Założenia!$B$12 -> -22.9465 | M8: =J8-Założenia!$B$12 -> 3.52675 | N8: =1/(1+Założenia!$B$13)^(A8-1) -> 0.96098034 | O8: =IF(K8>=0,A8,"") -> 5 | P8: =IF(L8>=0,A8,"") | Q8: =IF(M8>=0,A8,"") -> 5
A9: =Założenia!A21 -> 6 | B9: =Założenia!B21 -> 0.23 | C9: =Założenia!$B$10*B9*(1-Założenia!$B$11) -> 14.2025 | D9: =SUM($C$4:C9) -> 171.0475 | E9: =IF(A9=1,Założenia!$B$6,0) -> 0 | F9: =C9*Założenia!$B$7 -> 4.26075 | G9: =IF(A9=1,Założenia!$B$8,0)+C9*Założenia!$B$9 -> 2.130375 | H9: =SUM($E$4:E9) -> 150 | I9: =SUM($F$4:F9) -> 51.31425 | J9: =SUM($G$4:G9) -> 75.657125 | K9: =H9-Założenia!$B$12 -> 80 | L9: =I9-Założenia!$B$12 -> -18.68575 | M9: =J9-Założenia!$B$12 -> 5.657125 | N9: =1/(1+Założenia!$B$13)^(A9-1) -> 0.95146569 | O9: =IF(K9>=0,A9,"") -> 6 | P9: =IF(L9>=0,A9,"") | Q9: =IF(M9>=0,A9,"") -> 6
A10: =Założenia!A22 -> 7 | B10: =Założenia!B22 -> 0.2 | C10: =Założenia!$B$10*B10*(1-Założenia!$B$11) -> 12.35 | D10: =SUM($C$4:C10) -> 183.3975 | E10: =IF(A10=1,Założenia!$B$6,0) -> 0 | F10: =C10*Założenia!$B$7 -> 3.705 | G10: =IF(A10=1,Założenia!$B$8,0)+C10*Założenia!$B$9 -> 1.8525 | H10: =SUM($E$4:E10) -> 150 | I10: =SUM($F$4:F10) -> 55.01925 | J10: =SUM($G$4:G10) -> 77.509625 | K10: =H10-Założenia!$B$12 -> 80 | L10: =I10-Założenia!$B$12 -> -14.98075 | M10: =J10-Założenia!$B$12 -> 7.509625 | N10: =1/(1+Założenia!$B$13)^(A10-1) -> 0.94204524 | O10: =IF(K10>=0,A10,"") -> 7 | P10: =IF(L10>=0,A10,"") | Q10: =IF(M10>=0,A10,"") -> 7
A11: =Założenia!A23 -> 8 | B11: =Założenia!B23 -> 0.18 | C11: =Założenia!$B$10*B11*(1-Założenia!$B$11) -> 11.115 | D11: =SUM($C$4:C11) -> 194.5125 | E11: =IF(A11=1,Założenia!$B$6,0) -> 0 | F11: =C11*Założenia!$B$7 -> 3.3345 | G11: =IF(A11=1,Założenia!$B$8,0)+C11*Założenia!$B$9 -> 1.66725 | H11: =SUM($E$4:E11) -> 150 | I11: =SUM($F$4:F11) -> 58.35375 | J11: =SUM($G$4:G11) -> 79.176875 | K11: =H11-Założenia!$B$12 -> 80 | L11: =I11-Założenia!$B$12 -> -11.64625 | M11: =J11-Założenia!$B$12 -> 9.176875 | N11: =1/(1+Założenia!$B$13)^(A11-1) -> 0.93271805 | O11: =IF(K11>=0,A11,"") -> 8 | P11: =IF(L11>=0,A11,"") | Q11: =IF(M11>=0,A11,"") -> 8
A12: =Założenia!A24 -> 9 | B12: =Założenia!B24 -> 0.16 | C12: =Założenia!$B$10*B12*(1-Założenia!$B$11) -> 9.88 | D12: =SUM($C$4:C12) -> 204.3925 | E12: =IF(A12=1,Założenia!$B$6,0) -> 0 | F12: =C12*Założenia!$B$7 -> 2.964 | G12: =IF(A12=1,Założenia!$B$8,0)+C12*Założenia!$B$9 -> 1.482 | H12: =SUM($E$4:E12) -> 150 | I12: =SUM($F$4:F12) -> 61.31775 | J12: =SUM($G$4:G12) -> 80.658875 | K12: =H12-Założenia!$B$12 -> 80 | L12: =I12-Założenia!$B$12 -> -8.68225 | M12: =J12-Założenia!$B$12 -> 10.658875 | N12: =1/(1+Założenia!$B$13)^(A12-1) -> 0.92348322 | O12: =IF(K12>=0,A12,"") -> 9 | P12: =IF(L12>=0,A12,"") | Q12: =IF(M12>=0,A12,"") -> 9
A13: =Założenia!A25 -> 10 | B13: =Założenia!B25 -> 0.14 | C13: =Założenia!$B$10*B13*(1-Założenia!$B$11) -> 8.645 | D13: =SUM($C$4:C13) -> 213.0375 | E13: =IF(A13=1,Założenia!$B$6,0) -> 0 | F13: =C13*Założenia!$B$7 -> 2.5935 | G13: =IF(A13=1,Założenia!$B$8,0)+C13*Założenia!$B$9 -> 1.29675 | H13: =SUM($E$4:E13) -> 150 | I13: =SUM($F$4:F13) -> 63.91125 | J13: =SUM($G$4:G13) -> 81.955625 | K13: =H13-Założenia!$B$12 -> 80 | L13: =I13-Założenia!$B$12 -> -6.08875 | M13: =J13-Założenia!$B$12 -> 11.955625 | N13: =1/(1+Założenia!$B$13)^(A13-1) -> 0.91433982 | O13: =IF(K13>=0,A13,"") -> 10 | P13: =IF(L13>=0,A13,"") | Q13: =IF(M13>=0,A13,"") -> 10
A14: =Założenia!A26 -> 11 | B14: =Założenia!B26 -> 0.13 | C14: =Założenia!$B$10*B14*(1-Założenia!$B$11) -> 8.0275 | D14: =SUM($C$4:C14) -> 221.065 | E14: =IF(A14=1,Założenia!$B$6,0) -> 0 | F14: =C14*Założenia!$B$7 -> 2.40825 | G14: =IF(A14=1,Założenia!$B$8,0)+C14*Założenia!$B$9 -> 1.204125 | H14: =SUM($E$4:E14) -> 150 | I14: =SUM($F$4:F14) -> 66.3195 | J14: =SUM($G$4:G14) -> 83.15975 | K14: =H14-Założenia!$B$12 -> 80 | L14: =I14-Założenia!$B$12 -> -3.6805 | M14: =J14-Założenia!$B$12 -> 13.15975 | N14: =1/(1+Założenia!$B$13)^(A14-1) -> 0.90528695 | O14: =IF(K14>=0,A14,"") -> 11 | P14: =IF(L14>=0,A14,"") | Q14: =IF(M14>=0,A14,"") -> 11
A15: =Założenia!A27 -> 12 | B15: =Założenia!B27 -> 0.12 | C15: =Założenia!$B$10*B15*(1-Założenia!$B$11) -> 7.41 | D15: =SUM($C$4:C15) -> 228.475 | E15: =IF(A15=1,Założenia!$B$6,0) -> 0 | F15: =C15*Założenia!$B$7 -> 2.223 | G15: =IF(A15=1,Założenia!$B$8,0)+C15*Założenia!$B$9 -> 1.1115 | H15: =SUM($E$4:E15) -> 150 | I15: =SUM($F$4:F15) -> 68.5425 | J15: =SUM($G$4:G15) -> 84.27125 | K15: =H15-Założenia!$B$12 -> 80 | L15: =I15-Założenia!$B$12 -> -1.4575 | M15: =J15-Założenia!$B$12 -> 14.27125 | N15: =1/(1+Założenia!$B$13)^(A15-1) -> 0.89632372 | O15: =IF(K15>=0,A15,"") -> 12 | P15: =IF(L15>=0,A15,"") | Q15: =IF(M15>=0,A15,"") -> 12
A16: Suma 12 mies. | C16: =SUM(C4:C15) -> 228.475 | E16: =SUM(E4:E15) -> 150 | F16: =SUM(F4:F15) -> 68.5425 | G16: =SUM(G4:G15) -> 84.27125
A18: Kolumny O–Q: numer miesiąca, w którym skumulowany zysk po raz pierwszy jest ≥ 0 (pomocnicze do liczenia zwrotu kosztu).

Sheet Podsumowanie
A1: Podsumowanie: który model jest najlepszy?
A3: Wskaźnik | B3: CPA | C3: RevShare | D3: Hybryda
A4: Prowizja na 1 FTD po 12 mies. (zł) | B4: =Model!H15 -> 150 | C4: =Model!I15 -> 68.5425 | D4: =Model!J15 -> 84.27125
A5: Zysk na 1 FTD po 12 mies. (zł) | B5: =B4-Założenia!$B$12 -> 80 | C5: =C4-Założenia!$B$12 -> -1.4575 | D5: =D4-Założenia!$B$12 -> 14.27125
A6: Prowizja z całej kohorty (zł) | B6: =B4*Założenia!$B$5 -> 15000 | C6: =C4*Założenia!$B$5 -> 6854.25 | D6: =D4*Założenia!$B$5 -> 8427.125
A7: Zysk z całej kohorty (zł) | B7: =B5*Założenia!$B$5 -> 8000 | C7: =C5*Założenia!$B$5 -> -145.75 | D7: =D5*Założenia!$B$5 -> 1427.125
A8: Wartość bieżąca (NPV) prowizji na 1 FTD (zł) | B8: =SUMPRODUCT(Model!E4:E15,Model!N4:N15) -> 150 | C8: =SUMPRODUCT(Model!F4:F15,Model!N4:N15) -> 66.37272 | D8: =SUMPRODUCT(Model!G4:G15,Model!N4:N15) -> 83.18636
A9: Miesiąc zwrotu kosztu pozyskania (payback) | B9: =IF(COUNT(Model!O4:O15)=0,"brak w 12 mies.",MIN(Model!O4:O15)) -> 1 | C9: =IF(COUNT(Model!P4:P15)=0,"brak w 12 mies.",MIN(Model!P4:P15)) -> brak w 12 mies. | D9: =IF(COUNT(Model!Q4:Q15)=0,"brak w 12 mies.",MIN(Model!Q4:Q15)) -> 4
A11: Najlepszy model wg zysku po 12 mies. | B11: =INDEX($B$3:$D$3,MATCH(MAX(B5:D5),B5:D5,0)) -> CPA
A12: Najlepszy model wg NPV | B12: =INDEX($B$3:$D$3,MATCH(MAX(B8:D8),B8:D8,0)) -> CPA
A13: Próg opłacalności RevShare vs CPA: NGR skum. na FTD (zł) | B13: =Założenia!B6/Założenia!B7 -> 500
A14: Skumulowany NGR na FTD po 12 mies. (zł, po odliczeniach) | B14: =Model!D15 -> 228.475
A15: Czy RevShare bije CPA w tym scenariuszu? | B15: =IF(B14>=B13,"TAK","NIE") -> NIE
A17: Próg = CPA ÷ % RevShare. Gdy skumulowany NGR gracza jest wyższy od progu, RevShare daje więcej niż CPA.

Sheet Scenariusze
A1: Wrażliwość: co jeśli gracze są więcej / mniej wartościowi?
A2: Mnożnik skaluje skumulowany NGR gracza po 12 mies. (retencja bez zmian). Prowizja po 12 mies. na 1 FTD (zł).
A3: Mnożnik NGR (jakość graczy) | B3: Skum. NGR na FTD (zł) | C3: CPA | D3: RevShare | E3: Hybryda | F3: Najlepszy model
A4: 0.5 | B4: =A4*Model!$D$15 -> 114.2375 | C4: =Założenia!$B$6 -> 150 | D4: =B4*Założenia!$B$7 -> 34.27125 | E4: =Założenia!$B$8+B4*Założenia!$B$9 -> 67.135625 | F4: =INDEX($C$3:$E$3,MATCH(MAX(C4:E4),C4:E4,0)) -> CPA
A5: 0.75 | B5: =A5*Model!$D$15 -> 171.35625 | C5: =Założenia!$B$6 -> 150 | D5: =B5*Założenia!$B$7 -> 51.406875 | E5: =Założenia!$B$8+B5*Założenia!$B$9 -> 75.703438 | F5: =INDEX($C$3:$E$3,MATCH(MAX(C5:E5),C5:E5,0)) -> CPA
A6: 1 | B6: =A6*Model!$D$15 -> 228.475 | C6: =Założenia!$B$6 -> 150 | D6: =B6*Założenia!$B$7 -> 68.5425 | E6: =Założenia!$B$8+B6*Założenia!$B$9 -> 84.27125 | F6: =INDEX($C$3:$E$3,MATCH(MAX(C6:E6),C6:E6,0)) -> CPA
A7: 1.5 | B7: =A7*Model!$D$15 -> 342.7125 | C7: =Założenia!$B$6 -> 150 | D7: =B7*Założenia!$B$7 -> 102.81375 | E7: =Założenia!$B$8+B7*Założenia!$B$9 -> 101.40688 | F7: =INDEX($C$3:$E$3,MATCH(MAX(C7:E7),C7:E7,0)) -> CPA
A8: 2 | B8: =A8*Model!$D$15 -> 456.95 | C8: =Założenia!$B$6 -> 150 | D8: =B8*Założenia!$B$7 -> 137.085 | E8: =Założenia!$B$8+B8*Założenia!$B$9 -> 118.5425 | F8: =INDEX($C$3:$E$3,MATCH(MAX(C8:E8),C8:E8,0)) -> CPA
A9: 2.5 | B9: =A9*Model!$D$15 -> 571.1875 | C9: =Założenia!$B$6 -> 150 | D9: =B9*Założenia!$B$7 -> 171.35625 | E9: =Założenia!$B$8+B9*Założenia!$B$9 -> 135.67812 | F9: =INDEX($C$3:$E$3,MATCH(MAX(C9:E9),C9:E9,0)) -> RevShare
A11: Mnożnik, przy którym RevShare = CPA | B11: =Założenia!B6/(Model!D15*Założenia!B7) -> 2.1884232

Sheet Wnioski
A1: Wnioski (zdania gotowe do powiedzenia na rozmowie)
A3: ="1. Po 12 miesiącach najwyższy zysk na 1 FTD daje model: "&Podsumowanie!B11&"." -> 1. Po 12 miesiącach najwyższy zysk na 1 FTD daje model: CPA.
A4: ="2. Skumulowany NGR gracza ("&ROUND(Podsumowanie!B14,0)&" zł) jest "&IF(Podsumowanie!B14>=Podsumowanie!B13,"WYŻSZY","NIŻSZY")&" niż próg opłacalności RevShare ("&ROUND(Podsumowanie!B13,0)&" zł), więc RevShare "&IF(Podsumowanie!B14>=Podsumowanie!B13,"wygrywa z CPA.","przegrywa z CPA.") -> 2. Skumulowany NGR gracza (228 zł) jest NIŻSZY niż próg opłacalności RevShare (500 zł), więc RevShare przegrywa z CPA.
A5: ="3. RevShare zrównałby się z CPA, gdyby gracze byli "&ROUND(Scenariusze!B11,2)&" razy bardziej wartościowi niż w założeniach." -> 3. RevShare zrównałby się z CPA, gdyby gracze byli 2,19 razy bardziej wartościowi niż w założeniach.
A6: ="4. Koszt pozyskania ("&Założenia!B12&" zł) zwraca się w miesiącu: CPA = "&Podsumowanie!B9&", RevShare = "&Podsumowanie!C9&", Hybryda = "&Podsumowanie!D9&"." -> 4. Koszt pozyskania (70 zł) zwraca się w miesiącu: CPA = 1, RevShare = brak w 12 mies., Hybryda = 4.
A10: Rekomendacja | wybieram CPA. Po 12 miesiącach daje 150 zł prowizji na gracza (zysk 80 zł po odjęciu kosztu 70 zł). RevShare daje ok. 69 zł (zysk lekko ujemny), a hybryda ok. 84 zł (zysk 14 zł).
A11: QBR | Jeśli retencja i NGR będą wyraźnie wyższe niż w założeniach, wracam do rozmowy o hybrydzie lub RevShare.
