Workbook

Sheet Instrukcja
B1: Projekt Bookie C: forecast prowizji na 12 miesięcy z sezonowością i 3 scenariuszami
B3: Cel projektu
B4: Zbudować prognozę liczby graczy (FTD), NGR i prowizji na kolejne 12 miesięcy na podstawie historii 24 miesięcy, z uwzględnieniem sezonowości i wydarzeń sportowych, w trzech scenariuszach.
B6: Jak czytać arkusze (legenda kolorów)
B7: Niebieski tekst = dane wejściowe i założenia (możesz je zmieniać)
B8: Czarny tekst = formuły (nie nadpisuj, chyba że ćwiczysz)
B9: Zielony tekst = odwołanie do innego arkusza
B10: Żółte tło = kluczowe założenia, od których najbardziej zależy wynik
B13: Co jest w pliku
B14: Historia: 24 miesiące danych z flagą wyłączającą miesiące nietypowe (mundial 2026).
B15: Sezonowość: indeks dla każdego miesiąca kalendarzowego policzony z historii.
B16: Założenia: poziom bazowy, trend, NGR na FTD, stawka i parametry trzech scenariuszy.
... B18: Podsumowanie: sumy, kwartały, analiza wrażliwości i wykres.

Sheet Historia
A1: Historia 24 miesięcy (FIKCYJNA): ruch i wyniki
A2: Flaga 1 = miesiąc nietypowy (np. mundial), wyłączony z liczenia sezonowości i poziomu bazowego.
A4: Miesiąc | B4: Nr miesiąca | C4: FTD | D4: NGR (zł) | E4: Prowizja (zł) | F4: Wyłącz (1=tak) | G4: NGR na FTD (zł) | H4: Średnia FTD bloku 12M (bez wyłączonych) | I4: Indeks do średniej bloku
A5: 45597 | B5: =MONTH(A5) -> 11 | C5: 831 | D5: 153480 | E5: 43345 | F5: 0 | G5: =D5/C5 -> 184.69314 | H5: =AVERAGEIFS($C$5:$C$16,$F$5:$F$16,0) -> 855.75 | I5: =C5/H5 -> 0.971078
A6: 45627 | B6: =MONTH(A6) -> 12 | C6: 868 | D6: 165393 | E6: 45955 | F6: 0 | G6: =D6/C6 -> 190.54493 | H6: =AVERAGEIFS($C$5:$C$16,$F$5:$F$16,0) -> 855.75 | I6: =C6/H6 -> 1.0143149
A7: 45658 | B7: =MONTH(A7) -> 1 | C7: 917 | D7: 174334 | E7: 47523 | F7: 0 | G7: =D7/C7 -> 190.11341 | H7: =AVERAGEIFS($C$5:$C$16,$F$5:$F$16,0) -> 855.75 | I7: =C7/H7 -> 1.0715746
A8: 45689 | B8: =MONTH(A8) -> 2 | C8: 826 | D8: 151539 | E8: 41439 | F8: 0 | G8: =D8/C8 -> 183.46126 | H8: =AVERAGEIFS($C$5:$C$16,$F$5:$F$16,0) -> 855.75 | I8: =C8/H8 -> 0.96523517
A9: 45717 | B9: =MONTH(A9) -> 3 | C9: 835 | D9: 162798 | E9: 44604 | F9: 0 | G9: =D9/C9 -> 194.96766 | H9: =AVERAGEIFS($C$5:$C$16,$F$5:$F$16,0) -> 855.75 | I9: =C9/H9 -> 0.97575226
A10: 45748 | B10: =MONTH(A10) -> 4 | C10: 793 | D10: 152206 | E10: 43708 | F10: 0 | G10: =D10/C10 -> 191.93695 | H10: =AVERAGEIFS($C$5:$C$16,$F$5:$F$16,0) -> 855.75 | I10: =C10/H10 -> 0.92667251
A11: 45778 | B11: =MONTH(A11) -> 5 | C11: 820 | D11: 154512 | E11: 44441 | F11: 0 | G11: =D11/C11 -> 188.42927 | H11: =AVERAGEIFS($C$5:$C$16,$F$5:$F$16,0) -> 855.75 | I11: =C11/H11 -> 0.95822378
A12: 45809 | B12: =MONTH(A12) -> 6 | C12: 761 | D12: 148736 | E12: 41145 | F12: 0 | G12: =D12/C12 -> 195.44809 | H12: =AVERAGEIFS($C$5:$C$16,$F$5:$F$16,0) -> 855.75 | I12: =C12/H12 -> 0.88927841
A13: 45839 | B13: =MONTH(A13) -> 7 | C13: 732 | D13: 134827 | E13: 37338 | F13: 0 | G13: =D13/C13 -> 184.18989 | H13: =AVERAGEIFS($C$5:$C$16,$F$5:$F$16,0) -> 855.75 | I13: =C13/H13 -> 0.85539001
A14: 45870 | B14: =MONTH(A14) -> 8 | C14: 953 | D14: 176445 | E14: 49635 | F14: 0 | G14: =D14/C14 -> 185.1469 | H14: =AVERAGEIFS($C$5:$C$16,$F$5:$F$16,0) -> 855.75 | I14: =C14/H14 -> 1.113643
A15: 45901 | B15: =MONTH(A15) -> 9 | C15: 1000 | D15: 188060 | E15: 52800 | F15: 0 | G15: =D15/C15 -> 188.06 | H15: =AVERAGEIFS($C$5:$C$16,$F$5:$F$16,0) -> 855.75 | I15: =C15/H15 -> 1.1685656
A16: 45931 | B16: =MONTH(A16) -> 10 | C16: 933 | D16: 171024 | E16: 47082 | F16: 0 | G16: =D16/C16 -> 183.30547 | H16: =AVERAGEIFS($C$5:$C$16,$F$5:$F$16,0) -> 855.75 | I16: =C16/H16 -> 1.0902717
A17: 45962 | B17: =MONTH(A17) -> 11 | C17: 980 | D17: 185121 | E17: 51283 | F17: 0 | G17: =D17/C17 -> 188.89898 | H17: =AVERAGEIFS($C$17:$C$28,$F$17:$F$28,0) -> 1026.2 | I17: =C17/H17 -> 0.95497954
A18: 45992 | B18: =MONTH(A18) -> 12 | C18: 1033 | D18: 195535 | E18: 54123 | F18: 0 | G18: =D18/C18 -> 189.28848 | H18: =AVERAGEIFS($C$17:$C$28,$F$17:$F$28,0) -> 1026.2 | I18: =C18/H18 -> 1.0066264
A19: 46023 | B19: =MONTH(A19) -> 1 | C19: 1106 | D19: 213485 | E19: 58902 | F19: 0 | G19: =D19/C19 -> 193.02441 | H19: =AVERAGEIFS($C$17:$C$28,$F$17:$F$28,0) -> 1026.2 | I19: =C19/H19 -> 1.0777626
A20: 46054 | B20: =MONTH(A20) -> 2 | C20: 961 | D20: 182958 | E20: 52326 | F20: 0 | G20: =D20/C20 -> 190.38293 | H20: =AVERAGEIFS($C$17:$C$28,$F$17:$F$28,0) -> 1026.2 | I20: =C20/H20 -> 0.93646463
A21: 46082 | B21: =MONTH(A21) -> 3 | C21: 982 | D21: 183415 | E21: 52765 | F21: 0 | G21: =D21/C21 -> 186.77699 | H21: =AVERAGEIFS($C$17:$C$28,$F$17:$F$28,0) -> 1026.2 | I21: =C21/H21 -> 0.95692847
A22: 46113 | B22: =MONTH(A22) -> 4 | C22: 910 | D22: 171767 | E22: 48801 | F22: 0 | G22: =D22/C22 -> 188.75495 | H22: =AVERAGEIFS($C$17:$C$28,$F$17:$F$28,0) -> 1026.2 | I22: =C22/H22 -> 0.88676671
A23: 46143 | B23: =MONTH(A23) -> 5 | C23: 922 | D23: 175025 | E23: 47717 | F23: 0 | G23: =D23/C23 -> 189.83189 | H23: =AVERAGEIFS($C$17:$C$28,$F$17:$F$28,0) -> 1026.2 | I23: =C23/H23 -> 0.89846034
A24: 46174 | B24: =MONTH(A24) -> 6 | C24: 1460 | D24: 283271 | E24: 79647 | F24: 1 | G24: =D24/C24 -> 194.02123 | H24: =AVERAGEIFS($C$17:$C$28,$F$17:$F$28,0) -> 1026.2 | I24: =C24/H24 -> 1.4227246
A25: 46204 | B25: =MONTH(A25) -> 7 | C25: 1324 | D25: 247812 | E25: 70162 | F25: 1 | G25: =D25/C25 -> 187.16918 | H25: =AVERAGEIFS($C$17:$C$28,$F$17:$F$28,0) -> 1026.2 | I25: =C25/H25 -> 1.2901968
A26: 46235 | B26: =MONTH(A26) -> 8 | C26: 1085 | D26: 207468 | E26: 57946 | F26: 0 | G26: =D26/C26 -> 191.21475 | H26: =AVERAGEIFS($C$17:$C$28,$F$17:$F$28,0) -> 1026.2 | I26: =C26/H26 -> 1.0572988
A27: 46266 | B27: =MONTH(A27) -> 9 | C27: 1167 | D27: 229618 | E27: 64198 | F27: 0 | G27: =D27/C27 -> 196.75921 | H27: =AVERAGEIFS($C$17:$C$28,$F$17:$F$28,0) -> 1026.2 | I27: =C27/H27 -> 1.1372052
A28: 46296 | B28: =MONTH(A28) -> 10 | C28: 1116 | D28: 204588 | E28: 57944 | F28: 0 | G28: =D28/C28 -> 183.32258 | H28: =AVERAGEIFS($C$17:$C$28,$F$17:$F$28,0) -> 1026.2 | I28: =C28/H28 -> 1.0875073

Sheet Sezonowość
A1: Indeks sezonowości (jak dany miesiąc kalendarzowy odbiega od przeciętnego)
A2: 1,00 = przeciętny miesiąc. 1,10 = 10% powyżej przeciętnej. Liczone tylko z miesięcy niewyłączonych.
A4: Nr miesiąca | B4: Miesiąc | C4: Indeks surowy | D4: Liczba obserwacji | E4: Indeks użyty w forecaście
A5: 1 | B5: styczeń | C5: =AVERAGEIFS(Historia!$I$5:$I$28,Historia!$B$5:$B$28,A5,Historia!$F$5:$F$28,0) -> 1.0746686 | D5: =COUNTIFS(Historia!$B$5:$B$28,A5,Historia!$F$5:$F$28,0) -> 2 | E5: =C5/AVERAGE($C$5:$C$16) -> 1.0862248
A6: 2 | B6: luty | C6: =AVERAGEIFS(Historia!$I$5:$I$28,Historia!$B$5:$B$28,A6,Historia!$F$5:$F$28,0) -> 0.9508499 | D6: =COUNTIFS(Historia!$B$5:$B$28,A6,Historia!$F$5:$F$28,0) -> 2 | E6: =C6/AVERAGE($C$5:$C$16) -> 0.9610746
A7: 3 | B7: marzec | C7: =AVERAGEIFS(Historia!$I$5:$I$28,Historia!$B$5:$B$28,A7,Historia!$F$5:$F$28,0) -> 0.96634037 | D7: =COUNTIFS(Historia!$B$5:$B$28,A7,Historia!$F$5:$F$28,0) -> 2 | E7: =C7/AVERAGE($C$5:$C$16) -> 0.97673164
A8: 4 | B8: kwiecień | C8: =AVERAGEIFS(Historia!$I$5:$I$28,Historia!$B$5:$B$28,A8,Historia!$F$5:$F$28,0) -> 0.90671961 | D8: =COUNTIFS(Historia!$B$5:$B$28,A8,Historia!$F$5:$F$28,0) -> 2 | E8: =C8/AVERAGE($C$5:$C$16) -> 0.91646976
A9: 5 | B9: maj | C9: =AVERAGEIFS(Historia!$I$5:$I$28,Historia!$B$5:$B$28,A9,Historia!$F$5:$F$28,0) -> 0.92834206 | D9: =COUNTIFS(Historia!$B$5:$B$28,A9,Historia!$F$5:$F$28,0) -> 2 | E9: =C9/AVERAGE($C$5:$C$16) -> 0.93832472
A10: 6 | B10: czerwiec | C10: =AVERAGEIFS(Historia!$I$5:$I$28,Historia!$B$5:$B$28,A10,Historia!$F$5:$F$28,0) -> 0.88927841 | D10: =COUNTIFS(Historia!$B$5:$B$28,A10,Historia!$F$5:$F$28,0) -> 1 | E10: =C10/AVERAGE($C$5:$C$16) -> 0.89884101
A11: 7 | B11: lipiec | C11: =AVERAGEIFS(Historia!$I$5:$I$28,Historia!$B$5:$B$28,A11,Historia!$F$5:$F$28,0) -> 0.85539001 | D11: =COUNTIFS(Historia!$B$5:$B$28,A11,Historia!$F$5:$F$28,0) -> 1 | E11: =C11/AVERAGE($C$5:$C$16) -> 0.8645882
A12: 8 | B12: sierpień | C12: =AVERAGEIFS(Historia!$I$5:$I$28,Historia!$B$5:$B$28,A12,Historia!$F$5:$F$28,0) -> 1.0854709 | D12: =COUNTIFS(Historia!$B$5:$B$28,A12,Historia!$F$5:$F$28,0) -> 2 | E12: =C12/AVERAGE($C$5:$C$16) -> 1.0971432
A13: 9 | B13: wrzesień | C13: =AVERAGEIFS(Historia!$I$5:$I$28,Historia!$B$5:$B$28,A13,Historia!$F$5:$F$28,0) -> 1.1528854 | D13: =COUNTIFS(Historia!$B$5:$B$28,A13,Historia!$F$5:$F$28,0) -> 2 | E13: =C13/AVERAGE($C$5:$C$16) -> 1.1652826
A14: 10 | B14: październik | C14: =AVERAGEIFS(Historia!$I$5:$I$28,Historia!$B$5:$B$28,A14,Historia!$F$5:$F$28,0) -> 1.0888895 | D14: =COUNTIFS(Historia!$B$5:$B$28,A14,Historia!$F$5:$F$28,0) -> 2 | E14: =C14/AVERAGE($C$5:$C$16) -> 1.1005986
A15: 11 | B15: listopad | C15: =AVERAGEIFS(Historia!$I$5:$I$28,Historia!$B$5:$B$28,A15,Historia!$F$5:$F$28,0) -> 0.96302877 | D15: =COUNTIFS(Historia!$B$5:$B$28,A15,Historia!$F$5:$F$28,0) -> 2 | E15: =C15/AVERAGE($C$5:$C$16) -> 0.97338443
A16: 12 | B16: grudzień | C16: =AVERAGEIFS(Historia!$I$5:$I$28,Historia!$B$5:$B$28,A16,Historia!$F$5:$F$28,0) -> 1.0104707 | D16: =COUNTIFS(Historia!$B$5:$B$28,A16,Historia!$F$5:$F$28,0) -> 2 | E16: =C16/AVERAGE($C$5:$C$16) -> 1.0213365
A18: Normalizacja: indeks użyty = indeks surowy ÷ średnia z 12 indeksów, żeby średnia wynosiła dokładnie 1,00.

Sheet Założenia
A1: Założenia forecastu (12 miesięcy: listopad 2026 – październik 2027)
A4: Parametr | B4: Wartość | C4: Skąd
A5: Poziom bazowy FTD / miesiąc (ostatnie 12M, bez wyłączonych) | B5: =AVERAGEIFS(Historia!C17:C28,Historia!F17:F28,0) -> 1026.2 | C5: Z historii (formuła)
A6: Miesięczny trend wzrostu FTD | B6: 0.01 | C6: Założenie. W historii średni wzrost to ok. 1,2%/mies.
A7: NGR na 1 FTD w zł (ostatnie 12M, bez wyłączonych) | B7: =SUMIFS(Historia!D17:D28,Historia!F17:F28,0)/SUMIFS(Historia!C17:C28,Historia!F17:F28,0) -> 189.92204 | C7: Z historii (formuła). To zbiorczy wskaźnik: cały NGR miesiąca ÷ nowi gracze miesiąca.
A8: Efektywna stawka prowizji (prowizja ÷ NGR) | B8: =SUMIFS(Historia!E17:E28,Historia!F17:F28,0)/SUMIFS(Historia!D17:D28,Historia!F17:F28,0) -> 0.2801491 | C8: Z historii (formuła). Uśredniona stawka z całego portfela partnerów.
A10: Scenariusze
A11: Scenariusz | B11: Mnożnik ruchu (FTD) | C11: Mnożnik NGR na FTD | D11: Zmiana stawki (punkty proc.)
A12: Bazowy | B12: 1 | C12: 1 | D12: 0
A13: Optymistyczny | B13: 1.15 | C13: 1.05 | D13: 0
A14: Pesymistyczny | B14: 0.85 | C14: 0.95 | D14: -0.02
A16: Pesymistyczny: np. spadek pozycji w Google (mniej ruchu), słabsi gracze i obniżka stawki u jednego z partnerów o 2 p.p.

Sheet Forecast
A1: Forecast na 12 miesięcy w trzech scenariuszach
A2: FTD bazowy = poziom bazowy × (1+trend)^k × indeks sezonowy × (1 + zdarzenia). Scenariusze mnożą ruch, NGR na FTD i stawkę.
A4: Miesiąc | B4: Nr miesiąca | C4: k (kolejny miesiąc) | D4: Indeks sezonowy | E4: Zdarzenia (+% ruchu) | F4: FTD bazowy (przed scenariuszem) | G4: Bazowy: FTD | H4: Bazowy: NGR (zł) | I4: Bazowy: prowizja (zł) | J4: Optymistyczny: FTD | K4: Optymistyczny: NGR (zł) | L4: Optymistyczny: prowizja (zł) | M4: Pesymistyczny: FTD | N4: Pesymistyczny: NGR (zł) | O4: Pesymistyczny: prowizja (zł)
A5: =EDATE(Historia!$A$28,1) -> 46327 | B5: =MONTH(A5) -> 11 | C5: 1 | D5: =INDEX(Sezonowość!$E$5:$E$16,B5) -> 0.97338443 | E5: 0 | F5: =Założenia!$B$5*(1+Założenia!$B$6)^C5*D5*(1+E5) -> 1008.876 | G5: =$F5*Założenia!$B$12 -> 1008.876 | H5: =G5*Założenia!$B$7*Założenia!$C$12 -> 191607.78 | I5: =H5*(Założenia!$B$8+Założenia!$D$12) -> 53678.749 | J5: =$F5*Założenia!$B$13 -> 1160.2074 | K5: =J5*Założenia!$B$7*Założenia!$C$13 -> 231366.4 | L5: =K5*(Założenia!$B$8+Założenia!$D$13) -> 64817.09 | M5: =$F5*Założenia!$B$14 -> 857.54457 | N5: =M5*Założenia!$B$7*Założenia!$C$14 -> 154723.29 | O5: =N5*(Założenia!$B$8+Założenia!$D$14) -> 40251.124
A6: =EDATE(Historia!$A$28,2) -> 46357 | B6: =MONTH(A6) -> 12 | C6: 2 | D6: =INDEX(Sezonowość!$E$5:$E$16,B6) -> 1.0213365 | E6: 0.03 | F6: =Założenia!$B$5*(1+Założenia!$B$6)^C6*D6*(1+E6) -> 1101.2371 | G6: =$F6*Założenia!$B$12 -> 1101.2371 | H6: =G6*Założenia!$B$7*Założenia!$C$12 -> 209149.19 | I6: =H6*(Założenia!$B$8+Założenia!$D$12) -> 58592.959 | J6: =$F6*Założenia!$B$13 -> 1266.4226 | K6: =J6*Założenia!$B$7*Założenia!$C$13 -> 252547.65 | L6: =K6*(Założenia!$B$8+Założenia!$D$13) -> 70750.998 | M6: =$F6*Założenia!$B$14 -> 936.05151 | N6: =M6*Założenia!$B$7*Założenia!$C$14 -> 168887.97 | O6: =N6*(Założenia!$B$8+Założenia!$D$14) -> 43936.055
A7: =EDATE(Historia!$A$28,3) -> 46388 | B7: =MONTH(A7) -> 1 | C7: 3 | D7: =INDEX(Sezonowość!$E$5:$E$16,B7) -> 1.0862248 | E7: 0 | F7: =Założenia!$B$5*(1+Założenia!$B$6)^C7*D7*(1+E7) -> 1148.4599 | G7: =$F7*Założenia!$B$12 -> 1148.4599 | H7: =G7*Założenia!$B$7*Założenia!$C$12 -> 218117.85 | I7: =H7*(Założenia!$B$8+Założenia!$D$12) -> 61105.52 | J7: =$F7*Założenia!$B$13 -> 1320.7289 | K7: =J7*Założenia!$B$7*Założenia!$C$13 -> 263377.3 | L7: =K7*(Założenia!$B$8+Założenia!$D$13) -> 73784.916 | M7: =$F7*Założenia!$B$14 -> 976.19092 | N7: =M7*Założenia!$B$7*Założenia!$C$14 -> 176130.16 | O7: =N7*(Założenia!$B$8+Założenia!$D$14) -> 45820.104
A8: =EDATE(Historia!$A$28,4) -> 46419 | B8: =MONTH(A8) -> 2 | C8: 4 | D8: =INDEX(Sezonowość!$E$5:$E$16,B8) -> 0.9610746 | E8: 0 | F8: =Założenia!$B$5*(1+Założenia!$B$6)^C8*D8*(1+E8) -> 1026.3006 | G8: =$F8*Założenia!$B$12 -> 1026.3006 | H8: =G8*Założenia!$B$7*Założenia!$C$12 -> 194917.12 | I8: =H8*(Założenia!$B$8+Założenia!$D$12) -> 54605.855 | J8: =$F8*Założenia!$B$13 -> 1180.2457 | K8: =J8*Założenia!$B$7*Założenia!$C$13 -> 235362.42 | L8: =K8*(Założenia!$B$8+Założenia!$D$13) -> 65936.57 | M8: =$F8*Założenia!$B$14 -> 872.35555 | N8: =M8*Założenia!$B$7*Założenia!$C$14 -> 157395.57 | O8: =N8*(Założenia!$B$8+Założenia!$D$14) -> 40946.317
A9: =EDATE(Historia!$A$28,5) -> 46447 | B9: =MONTH(A9) -> 3 | C9: 5 | D9: =INDEX(Sezonowość!$E$5:$E$16,B9) -> 0.97673164 | E9: 0.03 | F9: =Założenia!$B$5*(1+Założenia!$B$6)^C9*D9*(1+E9) -> 1085.054 | G9: =$F9*Założenia!$B$12 -> 1085.054 | H9: =G9*Założenia!$B$7*Założenia!$C$12 -> 206075.68 | I9: =H9*(Założenia!$B$8+Założenia!$D$12) -> 57731.916 | J9: =$F9*Założenia!$B$13 -> 1247.8121 | K9: =J9*Założenia!$B$7*Założenia!$C$13 -> 248836.38 | L9: =K9*(Założenia!$B$8+Założenia!$D$13) -> 69711.288 | M9: =$F9*Założenia!$B$14 -> 922.29591 | N9: =M9*Założenia!$B$7*Założenia!$C$14 -> 166406.11 | O9: =N9*(Założenia!$B$8+Założenia!$D$14) -> 43290.4
A10: =EDATE(Historia!$A$28,6) -> 46478 | B10: =MONTH(A10) -> 4 | C10: 6 | D10: =INDEX(Sezonowość!$E$5:$E$16,B10) -> 0.91646976 | E10: 0 | F10: =Założenia!$B$5*(1+Założenia!$B$6)^C10*D10*(1+E10) -> 998.33982 | G10: =$F10*Założenia!$B$12 -> 998.33982 | H10: =G10*Założenia!$B$7*Założenia!$C$12 -> 189606.74 | I10: =H10*(Założenia!$B$8+Założenia!$D$12) -> 53118.158 | J10: =$F10*Założenia!$B$13 -> 1148.0908 | K10: =J10*Założenia!$B$7*Założenia!$C$13 -> 228950.14 | L10: =K10*(Założenia!$B$8+Założenia!$D$13) -> 64140.175 | M10: =$F10*Założenia!$B$14 -> 848.58885 | N10: =M10*Założenia!$B$7*Założenia!$C$14 -> 153107.44 | O10: =N10*(Założenia!$B$8+Założenia!$D$14) -> 39830.764
A11: =EDATE(Historia!$A$28,7) -> 46508 | B11: =MONTH(A11) -> 5 | C11: 7 | D11: =INDEX(Sezonowość!$E$5:$E$16,B11) -> 0.93832472 | E11: 0.03 | F11: =Założenia!$B$5*(1+Założenia!$B$6)^C11*D11*(1+E11) -> 1063.3397 | G11: =$F11*Założenia!$B$12 -> 1063.3397 | H11: =G11*Założenia!$B$7*Założenia!$C$12 -> 201951.64 | I11: =H11*(Założenia!$B$8+Założenia!$D$12) -> 56576.571 | J11: =$F11*Założenia!$B$13 -> 1222.8406 | K11: =J11*Założenia!$B$7*Założenia!$C$13 -> 243856.6 | L11: =K11*(Założenia!$B$8+Założenia!$D$13) -> 68316.209 | M11: =$F11*Założenia!$B$14 -> 903.83871 | N11: =M11*Założenia!$B$7*Założenia!$C$14 -> 163075.95 | O11: =N11*(Założenia!$B$8+Założenia!$D$14) -> 42424.062
A12: =EDATE(Historia!$A$28,8) -> 46539 | B12: =MONTH(A12) -> 6 | C12: 8 | D12: =INDEX(Sezonowość!$E$5:$E$16,B12) -> 0.89884101 | E12: 0 | F12: =Założenia!$B$5*(1+Założenia!$B$6)^C12*D12*(1+E12) -> 998.8169 | G12: =$F12*Założenia!$B$12 -> 998.8169 | H12: =G12*Założenia!$B$7*Założenia!$C$12 -> 189697.35 | I12: =H12*(Założenia!$B$8+Założenia!$D$12) -> 53143.541 | J12: =$F12*Założenia!$B$13 -> 1148.6394 | K12: =J12*Założenia!$B$7*Założenia!$C$13 -> 229059.54 | L12: =K12*(Założenia!$B$8+Założenia!$D$13) -> 64170.826 | M12: =$F12*Założenia!$B$14 -> 848.99436 | N12: =M12*Założenia!$B$7*Założenia!$C$14 -> 153180.61 | O12: =N12*(Założenia!$B$8+Założenia!$D$14) -> 39849.798
A13: =EDATE(Historia!$A$28,9) -> 46569 | B13: =MONTH(A13) -> 7 | C13: 9 | D13: =INDEX(Sezonowość!$E$5:$E$16,B13) -> 0.8645882 | E13: 0 | F13: =Założenia!$B$5*(1+Założenia!$B$6)^C13*D13*(1+E13) -> 970.36177 | G13: =$F13*Założenia!$B$12 -> 970.36177 | H13: =G13*Założenia!$B$7*Założenia!$C$12 -> 184293.09 | I13: =H13*(Założenia!$B$8+Założenia!$D$12) -> 51629.544 | J13: =$F13*Założenia!$B$13 -> 1115.916 | K13: =J13*Założenia!$B$7*Założenia!$C$13 -> 222533.91 | L13: =K13*(Założenia!$B$8+Założenia!$D$13) -> 62342.674 | M13: =$F13*Założenia!$B$14 -> 824.80751 | N13: =M13*Założenia!$B$7*Założenia!$C$14 -> 148816.67 | O13: =N13*(Założenia!$B$8+Założenia!$D$14) -> 38714.523
A14: =EDATE(Historia!$A$28,10) -> 46600 | B14: =MONTH(A14) -> 8 | C14: 10 | D14: =INDEX(Sezonowość!$E$5:$E$16,B14) -> 1.0971432 | E14: 0 | F14: =Założenia!$B$5*(1+Założenia!$B$6)^C14*D14*(1+E14) -> 1243.6812 | G14: =$F14*Założenia!$B$12 -> 1243.6812 | H14: =G14*Założenia!$B$7*Założenia!$C$12 -> 236202.47 | I14: =H14*(Założenia!$B$8+Założenia!$D$12) -> 66171.91 | J14: =$F14*Założenia!$B$13 -> 1430.2334 | K14: =J14*Założenia!$B$7*Założenia!$C$13 -> 285214.48 | L14: =K14*(Założenia!$B$8+Założenia!$D$13) -> 79902.581 | M14: =$F14*Założenia!$B$14 -> 1057.129 | N14: =M14*Założenia!$B$7*Założenia!$C$14 -> 190733.49 | O14: =N14*(Założenia!$B$8+Założenia!$D$14) -> 49619.147
A15: =EDATE(Historia!$A$28,11) -> 46631 | B15: =MONTH(A15) -> 9 | C15: 11 | D15: =INDEX(Sezonowość!$E$5:$E$16,B15) -> 1.1652826 | E15: 0 | F15: =Założenia!$B$5*(1+Założenia!$B$6)^C15*D15*(1+E15) -> 1334.1308 | G15: =$F15*Założenia!$B$12 -> 1334.1308 | H15: =G15*Założenia!$B$7*Założenia!$C$12 -> 253380.84 | I15: =H15*(Założenia!$B$8+Założenia!$D$12) -> 70984.415 | J15: =$F15*Założenia!$B$13 -> 1534.2504 | K15: =J15*Założenia!$B$7*Założenia!$C$13 -> 305957.36 | L15: =K15*(Założenia!$B$8+Założenia!$D$13) -> 85713.681 | M15: =$F15*Założenia!$B$14 -> 1134.0111 | N15: =M15*Założenia!$B$7*Założenia!$C$14 -> 204605.03 | O15: =N15*(Założenia!$B$8+Założenia!$D$14) -> 53227.814
A16: =EDATE(Historia!$A$28,12) -> 46661 | B16: =MONTH(A16) -> 10 | C16: 12 | D16: =INDEX(Sezonowość!$E$5:$E$16,B16) -> 1.1005986 | E16: 0 | F16: =Założenia!$B$5*(1+Założenia!$B$6)^C16*D16*(1+E16) -> 1272.6748 | G16: =$F16*Założenia!$B$12 -> 1272.6748 | H16: =G16*Założenia!$B$7*Założenia!$C$12 -> 241708.99 | I16: =H16*(Założenia!$B$8+Założenia!$D$12) -> 67714.558 | J16: =$F16*Założenia!$B$13 -> 1463.576 | K16: =J16*Założenia!$B$7*Założenia!$C$13 -> 291863.61 | L16: =K16*(Założenia!$B$8+Założenia!$D$13) -> 81765.329 | M16: =$F16*Założenia!$B$14 -> 1081.7736 | N16: =M16*Założenia!$B$7*Założenia!$C$14 -> 195180.01 | O16: =N16*(Założenia!$B$8+Założenia!$D$14) -> 50775.905
A17: Suma 12 mies. | F17: =SUM(F5:F16) -> 13251.272 | G17: =SUM(G5:G16) -> 13251.272 | H17: =SUM(H5:H16) -> 2516708.7 | I17: =SUM(I5:I16) -> 705053.7 | J17: =SUM(J5:J16) -> 15238.963 | K17: =SUM(K5:K16) -> 3038925.8 | L17: =SUM(L5:L16) -> 851352.34 | M17: =SUM(M5:M16) -> 11263.582 | ... O17: =SUM(O5:O16) -> 528686.01
A19: Kolumna E: przykładowe założenia o wydarzeniach (grudzień, faza pucharowa Ligi Mistrzów w marcu, finały w maju). Zmieniaj je według własnej wiedzy o kalendarzu sportowym.

Sheet Podsumowanie
A1: Podsumowanie forecastu
A3: Wskaźnik | B3: Bazowy | C3: Optymistyczny | D3: Pesymistyczny
A4: FTD razem (12 mies.) | B4: =Forecast!G17 -> 13251.272 | C4: =Forecast!J17 -> 15238.963 | D4: =Forecast!M17 -> 11263.582
A5: NGR razem (zł) | B5: =Forecast!H17 -> 2516708.7 | C5: =Forecast!K17 -> 3038925.8 | D5: =Forecast!N17 -> 2032242.3
A6: Prowizja razem (zł) | B6: =Forecast!I17 -> 705053.7 | C6: =Forecast!L17 -> 851352.34 | D6: =Forecast!O17 -> 528686.01
A7: Różnica prowizji vs bazowy (zł) | B7: =B6-$B$6 -> 0 | C7: =C6-$B$6 -> 146298.64 | D7: =D6-$B$6 -> -176367.68
A8: Różnica prowizji vs bazowy (%) | B8: =B7/$B$6 -> 0 | C8: =C7/$B$6 -> 0.2075 | D8: =D7/$B$6 -> -0.25014787
A10: Prowizja kwartalnie (zł)
A11: Kwartał | B11: Bazowy | C11: Optymistyczny | D11: Pesymistyczny
A12: K1 (lis 26 – sty 27) | B12: =SUM(Forecast!I5:I7) -> 173377.23 | C12: =SUM(Forecast!L5:L7) -> 209353 | D12: =SUM(Forecast!O5:O7) -> 130007.28
A13: K2 (lut – kwi 27) | B13: =SUM(Forecast!I8:I10) -> 165455.93 | C13: =SUM(Forecast!L8:L10) -> 199788.03 | D13: =SUM(Forecast!O8:O10) -> 124067.48
A14: K3 (maj – lip 27) | B14: =SUM(Forecast!I11:I13) -> 161349.66 | C14: =SUM(Forecast!L11:L13) -> 194829.71 | D14: =SUM(Forecast!O11:O13) -> 120988.38
A15: K4 (sie – paź 27) | B15: =SUM(Forecast!I14:I16) -> 204870.88 | C15: =SUM(Forecast!L14:L16) -> 247381.59 | D15: =SUM(Forecast!O14:O16) -> 153622.87
A16: Razem (kontrola = prowizja razem) | B16: =SUM(B12:B15) -> 705053.7 | C16: =SUM(C12:C15) -> 851352.34 | D16: =SUM(D12:D15) -> 528686.01
A18: Analiza wrażliwości (bazowy)
A19: Zmiana o −10% w … | B19: Prowizja bazowa po zmianie (zł) | C19: Zmiana (zł)
A20: ruchu (FTD) | B20: =$B$6*0.9 -> 634548.33 | C20: =B20-$B$6 -> -70505.37
A21: NGR na gracza | B21: =$B$6*0.9 -> 634548.33 | C21: =B21-$B$6 -> -70505.37
A22: stawce prowizji (względnie) | B22: =$B$6*0.9 -> 634548.33 | C22: =B22-$B$6 -> -70505.37
A23: Prowizja jest iloczynem ruchu, NGR na gracza i stawki, więc −10% w którymkolwiek czynniku daje −10% prowizji. Liczy się, który czynnik realnie możemy zmienić i który jest bardziej niepewny.
