Workbook

Sheet Instrukcja
B1: Projekt Bookie D: analiza rozbieżności forecast vs wykonanie metodą PVM
B3: Cel projektu
B4: Wyjaśnić, dlaczego prowizja różni się od planu: rozbić odchylenie na efekt ruchu, jakości graczy, stawki i zdarzeń jednorazowych oraz wskazać, co zrobić z każdym partnerem.
B6: Jak czytać arkusze (legenda kolorów)
B7: Niebieski tekst = dane wejściowe i założenia (możesz je zmieniać)
B8: Czarny tekst = formuły (nie nadpisuj, chyba że ćwiczysz)
B9: Zielony tekst = odwołanie do innego arkusza
B10: Żółte tło = kluczowe założenia, od których najbardziej zależy wynik
B13: Co jest w pliku
B14: Dane: plan i wykonanie dla 4 partnerów w 3 miesiącach, z opisem zdarzeń.
B15: Analiza_PVM: dla każdego wiersza prowizja plan i wykonanie, rozbicie odchylenia na czynniki i kontrola sumy.
B16: Podsumowanie: zestawienie wg partnera, największy czynnik, wykres słupkowy skumulowany.
B17: Wnioski: zdania generowane z liczb plus miejsce na Twoje wyjaśnienie dla przełożonego.

Sheet Dane
A1: Plan vs wykonanie: III kwartał 2026 (dane FIKCYJNE)
A2: Prowizja = FTD × NGR na FTD × stawka. Korekty jednorazowe dotyczą tylko wykonania (np. negative carryover, korekta faktury).
A4: Partner | B4: Miesiąc | C4: FTD plan | D4: NGR/FTD plan (zł) | E4: Stawka plan | F4: FTD wykonanie | G4: NGR/FTD wykonanie (zł) | H4: Stawka wykonanie | I4: Korekty jednorazowe (zł) | J4: Co się wydarzyło
A5: Partner A | B5: Lipiec | C5: 120 | D5: 150 | E5: 0.3 | F5: 125 | G5: 148 | H5: 0.3 | I5: 0 | J5: Zgodnie z planem
A6: Partner A | B6: Sierpień | C6: 130 | D6: 150 | E6: 0.3 | F6: 128 | G6: 152 | H6: 0.3 | I6: 0 | J6: Zgodnie z planem
A7: Partner A | B7: Wrzesień | C7: 140 | D7: 150 | E7: 0.3 | F7: 135 | G7: 150 | H7: 0.25 | I7: 0 | J7: Partner obniżył stawkę z 30% do 25%
A8: Partner B | B8: Lipiec | C8: 200 | D8: 90 | E8: 0.35 | F8: 190 | G8: 92 | H8: 0.35 | I8: 0 | J8: Nieco mniej ruchu
A9: Partner B | B9: Sierpień | C9: 210 | D9: 90 | E9: 0.35 | F9: 160 | G9: 95 | H9: 0.35 | I9: 0 | J9: Spadek pozycji w Google, mniej kliknięć
A10: Partner B | B10: Wrzesień | C10: 220 | D10: 90 | E10: 0.35 | F10: 150 | G10: 96 | H10: 0.35 | I10: 0 | J10: Spadek pozycji utrzymał się
A11: Partner C | B11: Lipiec | C11: 90 | D11: 220 | E11: 0.28 | F11: 92 | G11: 215 | H11: 0.28 | I11: 0 | J11: Zgodnie z planem
A12: Partner C | B12: Sierpień | C12: 95 | D12: 220 | E12: 0.28 | F12: 96 | G12: 210 | H12: 0.28 | I12: 0 | J12: Więcej graczy polujących na bonusy
A13: Partner C | B13: Wrzesień | C13: 100 | D13: 220 | E13: 0.28 | F13: 101 | G13: 205 | H13: 0.28 | I13: -3500 | J13: Negative carryover z poprzedniego okresu: korekta -3 500 zł
A14: Partner D | B14: Lipiec | C14: 60 | D14: 180 | E14: 0.25 | F14: 75 | G14: 170 | H14: 0.25 | I14: 0 | J14: Dodatkowa kampania promocyjna
A15: Partner D | B15: Sierpień | C15: 65 | D15: 180 | E15: 0.25 | F15: 80 | G15: 175 | H15: 0.25 | I15: 0 | J15: Kampania działała dalej
A16: Partner D | B16: Wrzesień | C16: 70 | D16: 180 | E16: 0.25 | F16: 85 | G16: 178 | H16: 0.25 | I16: 0 | J16: Kampania działała dalej

Sheet Analiza_PVM
A1: Rozbicie odchylenia prowizji na czynniki (PVM)
A2: Efekt ruchu = (FTD wyk. − FTD plan) × NGR/FTD plan × stawka plan. Efekt jakości = FTD wyk. × (NGR/FTD wyk. − plan) × stawka plan. Efekt stawki = FTD wyk. × NGR/FTD wyk. × (stawka wyk. − plan).
A4: Partner | B4: Miesiąc | C4: Prowizja plan (zł) | D4: Prowizja wykonanie przed korektami (zł) | E4: Korekty jednorazowe (zł) | F4: Prowizja wykonanie razem (zł) | G4: Odchylenie całkowite (zł) | H4: Efekt ruchu (zł) | I4: Efekt jakości (zł) | J4: Efekt stawki (zł) | K4: Efekt jednorazowy (zł) | L4: Kontrola (powinno być 0) | M4: Największy czynnik
A5: =Dane!A5 -> Partner A | B5: =Dane!B5 -> Lipiec | C5: =Dane!C5*Dane!D5*Dane!E5 -> 5400 | D5: =Dane!F5*Dane!G5*Dane!H5 -> 5550 | E5: =Dane!I5 -> 0 | F5: =D5+E5 -> 5550 | G5: =F5-C5 -> 150 | H5: =(Dane!F5-Dane!C5)*Dane!D5*Dane!E5 -> 225 | I5: =Dane!F5*(Dane!G5-Dane!D5)*Dane!E5 -> -75 | J5: =Dane!F5*Dane!G5*(Dane!H5-Dane!E5) -> 0 | K5: =E5 -> 0 | L5: =ROUND(G5-(H5+I5+J5+K5),2) -> 0 | M5: =IF(G5=0,"brak odchylenia",IF(AND(ABS(H5)>=ABS(I5),ABS(H5)>=ABS(J5),ABS(H5)>=ABS(K5)),"Ruch",IF(AND(ABS(I5)>=ABS(J5),ABS(I5)>=ABS(K5)),"Jakość",IF(ABS(J5)>=ABS(K5),"Stawka","Jednorazowe")))) -> Ruch
A6: =Dane!A6 -> Partner A | B6: =Dane!B6 -> Sierpień | C6: =Dane!C6*Dane!D6*Dane!E6 -> 5850 | D6: =Dane!F6*Dane!G6*Dane!H6 -> 5836.8 | E6: =Dane!I6 -> 0 | F6: =D6+E6 -> 5836.8 | G6: =F6-C6 -> -13.2 | H6: =(Dane!F6-Dane!C6)*Dane!D6*Dane!E6 -> -90 | I6: =Dane!F6*(Dane!G6-Dane!D6)*Dane!E6 -> 76.8 | J6: =Dane!F6*Dane!G6*(Dane!H6-Dane!E6) -> 0 | K6: =E6 -> 0 | L6: =ROUND(G6-(H6+I6+J6+K6),2) -> 0 | M6: =IF(G6=0,"brak odchylenia",IF(AND(ABS(H6)>=ABS(I6),ABS(H6)>=ABS(J6),ABS(H6)>=ABS(K6)),"Ruch",IF(AND(ABS(I6)>=ABS(J6),ABS(I6)>=ABS(K6)),"Jakość",IF(ABS(J6)>=ABS(K6),"Stawka","Jednorazowe")))) -> Ruch
A7: =Dane!A7 -> Partner A | B7: =Dane!B7 -> Wrzesień | C7: =Dane!C7*Dane!D7*Dane!E7 -> 6300 | D7: =Dane!F7*Dane!G7*Dane!H7 -> 5062.5 | E7: =Dane!I7 -> 0 | F7: =D7+E7 -> 5062.5 | G7: =F7-C7 -> -1237.5 | H7: =(Dane!F7-Dane!C7)*Dane!D7*Dane!E7 -> -225 | I7: =Dane!F7*(Dane!G7-Dane!D7)*Dane!E7 -> 0 | J7: =Dane!F7*Dane!G7*(Dane!H7-Dane!E7) -> -1012.5 | K7: =E7 -> 0 | L7: =ROUND(G7-(H7+I7+J7+K7),2) -> 0 | M7: =IF(G7=0,"brak odchylenia",IF(AND(ABS(H7)>=ABS(I7),ABS(H7)>=ABS(J7),ABS(H7)>=ABS(K7)),"Ruch",IF(AND(ABS(I7)>=ABS(J7),ABS(I7)>=ABS(K7)),"Jakość",IF(ABS(J7)>=ABS(K7),"Stawka","Jednorazowe")))) -> Stawka
A8: =Dane!A8 -> Partner B | B8: =Dane!B8 -> Lipiec | C8: =Dane!C8*Dane!D8*Dane!E8 -> 6300 | D8: =Dane!F8*Dane!G8*Dane!H8 -> 6118 | E8: =Dane!I8 -> 0 | F8: =D8+E8 -> 6118 | G8: =F8-C8 -> -182 | H8: =(Dane!F8-Dane!C8)*Dane!D8*Dane!E8 -> -315 | I8: =Dane!F8*(Dane!G8-Dane!D8)*Dane!E8 -> 133 | J8: =Dane!F8*Dane!G8*(Dane!H8-Dane!E8) -> 0 | K8: =E8 -> 0 | L8: =ROUND(G8-(H8+I8+J8+K8),2) -> 0 | M8: =IF(G8=0,"brak odchylenia",IF(AND(ABS(H8)>=ABS(I8),ABS(H8)>=ABS(J8),ABS(H8)>=ABS(K8)),"Ruch",IF(AND(ABS(I8)>=ABS(J8),ABS(I8)>=ABS(K8)),"Jakość",IF(ABS(J8)>=ABS(K8),"Stawka","Jednorazowe")))) -> Ruch
A9: =Dane!A9 -> Partner B | B9: =Dane!B9 -> Sierpień | C9: =Dane!C9*Dane!D9*Dane!E9 -> 6615 | D9: =Dane!F9*Dane!G9*Dane!H9 -> 5320 | E9: =Dane!I9 -> 0 | F9: =D9+E9 -> 5320 | G9: =F9-C9 -> -1295 | H9: =(Dane!F9-Dane!C9)*Dane!D9*Dane!E9 -> -1575 | I9: =Dane!F9*(Dane!G9-Dane!D9)*Dane!E9 -> 280 | J9: =Dane!F9*Dane!G9*(Dane!H9-Dane!E9) -> 0 | K9: =E9 -> 0 | L9: =ROUND(G9-(H9+I9+J9+K9),2) -> 0 | M9: =IF(G9=0,"brak odchylenia",IF(AND(ABS(H9)>=ABS(I9),ABS(H9)>=ABS(J9),ABS(H9)>=ABS(K9)),"Ruch",IF(AND(ABS(I9)>=ABS(J9),ABS(I9)>=ABS(K9)),"Jakość",IF(ABS(J9)>=ABS(K9),"Stawka","Jednorazowe")))) -> Ruch
A10: =Dane!A10 -> Partner B | B10: =Dane!B10 -> Wrzesień | C10: =Dane!C10*Dane!D10*Dane!E10 -> 6930 | D10: =Dane!F10*Dane!G10*Dane!H10 -> 5040 | E10: =Dane!I10 -> 0 | F10: =D10+E10 -> 5040 | G10: =F10-C10 -> -1890 | H10: =(Dane!F10-Dane!C10)*Dane!D10*Dane!E10 -> -2205 | I10: =Dane!F10*(Dane!G10-Dane!D10)*Dane!E10 -> 315 | J10: =Dane!F10*Dane!G10*(Dane!H10-Dane!E10) -> 0 | K10: =E10 -> 0 | L10: =ROUND(G10-(H10+I10+J10+K10),2) -> 0 | M10: =IF(G10=0,"brak odchylenia",IF(AND(ABS(H10)>=ABS(I10),ABS(H10)>=ABS(J10),ABS(H10)>=ABS(K10)),"Ruch",IF(AND(ABS(I10)>=ABS(J10),ABS(I10)>=ABS(K10)),"Jakość",IF(ABS(J10)>=ABS(K10),"Stawka","Jednorazowe")))) -> Ruch
A11: =Dane!A11 -> Partner C | B11: =Dane!B11 -> Lipiec | C11: =Dane!C11*Dane!D11*Dane!E11 -> 5544 | D11: =Dane!F11*Dane!G11*Dane!H11 -> 5538.4 | E11: =Dane!I11 -> 0 | F11: =D11+E11 -> 5538.4 | G11: =F11-C11 -> -5.6 | H11: =(Dane!F11-Dane!C11)*Dane!D11*Dane!E11 -> 123.2 | I11: =Dane!F11*(Dane!G11-Dane!D11)*Dane!E11 -> -128.8 | J11: =Dane!F11*Dane!G11*(Dane!H11-Dane!E11) -> 0 | K11: =E11 -> 0 | L11: =ROUND(G11-(H11+I11+J11+K11),2) -> 0 | M11: =IF(G11=0,"brak odchylenia",IF(AND(ABS(H11)>=ABS(I11),ABS(H11)>=ABS(J11),ABS(H11)>=ABS(K11)),"Ruch",IF(AND(ABS(I11)>=ABS(J11),ABS(I11)>=ABS(K11)),"Jakość",IF(ABS(J11)>=ABS(K11),"Stawka","Jednorazowe")))) -> Jakość
A12: =Dane!A12 -> Partner C | B12: =Dane!B12 -> Sierpień | C12: =Dane!C12*Dane!D12*Dane!E12 -> 5852 | D12: =Dane!F12*Dane!G12*Dane!H12 -> 5644.8 | E12: =Dane!I12 -> 0 | F12: =D12+E12 -> 5644.8 | G12: =F12-C12 -> -207.2 | H12: =(Dane!F12-Dane!C12)*Dane!D12*Dane!E12 -> 61.6 | I12: =Dane!F12*(Dane!G12-Dane!D12)*Dane!E12 -> -268.8 | J12: =Dane!F12*Dane!G12*(Dane!H12-Dane!E12) -> 0 | K12: =E12 -> 0 | L12: =ROUND(G12-(H12+I12+J12+K12),2) -> 0 | M12: =IF(G12=0,"brak odchylenia",IF(AND(ABS(H12)>=ABS(I12),ABS(H12)>=ABS(J12),ABS(H12)>=ABS(K12)),"Ruch",IF(AND(ABS(I12)>=ABS(J12),ABS(I12)>=ABS(K12)),"Jakość",IF(ABS(J12)>=ABS(K12),"Stawka","Jednorazowe")))) -> Jakość
A13: =Dane!A13 -> Partner C | B13: =Dane!B13 -> Wrzesień | C13: =Dane!C13*Dane!D13*Dane!E13 -> 6160 | D13: =Dane!F13*Dane!G13*Dane!H13 -> 5797.4 | E13: =Dane!I13 -> -3500 | F13: =D13+E13 -> 2297.4 | G13: =F13-C13 -> -3862.6 | H13: =(Dane!F13-Dane!C13)*Dane!D13*Dane!E13 -> 61.6 | I13: =Dane!F13*(Dane!G13-Dane!D13)*Dane!E13 -> -424.2 | J13: =Dane!F13*Dane!G13*(Dane!H13-Dane!E13) -> 0 | K13: =E13 -> -3500 | L13: =ROUND(G13-(H13+I13+J13+K13),2) -> 0 | M13: =IF(G13=0,"brak odchylenia",IF(AND(ABS(H13)>=ABS(I13),ABS(H13)>=ABS(J13),ABS(H13)>=ABS(K13)),"Ruch",IF(AND(ABS(I13)>=ABS(J13),ABS(I13)>=ABS(K13)),"Jakość",IF(ABS(J13)>=ABS(K13),"Stawka","Jednorazowe")))) -> Jednorazowe
A14: =Dane!A14 -> Partner D | B14: =Dane!B14 -> Lipiec | C14: =Dane!C14*Dane!D14*Dane!E14 -> 2700 | D14: =Dane!F14*Dane!G14*Dane!H14 -> 3187.5 | E14: =Dane!I14 -> 0 | F14: =D14+E14 -> 3187.5 | G14: =F14-C14 -> 487.5 | H14: =(Dane!F14-Dane!C14)*Dane!D14*Dane!E14 -> 675 | I14: =Dane!F14*(Dane!G14-Dane!D14)*Dane!E14 -> -187.5 | J14: =Dane!F14*Dane!G14*(Dane!H14-Dane!E14) -> 0 | K14: =E14 -> 0 | L14: =ROUND(G14-(H14+I14+J14+K14),2) -> 0 | M14: =IF(G14=0,"brak odchylenia",IF(AND(ABS(H14)>=ABS(I14),ABS(H14)>=ABS(J14),ABS(H14)>=ABS(K14)),"Ruch",IF(AND(ABS(I14)>=ABS(J14),ABS(I14)>=ABS(K14)),"Jakość",IF(ABS(J14)>=ABS(K14),"Stawka","Jednorazowe")))) -> Ruch
A15: =Dane!A15 -> Partner D | B15: =Dane!B15 -> Sierpień | C15: =Dane!C15*Dane!D15*Dane!E15 -> 2925 | D15: =Dane!F15*Dane!G15*Dane!H15 -> 3500 | E15: =Dane!I15 -> 0 | F15: =D15+E15 -> 3500 | G15: =F15-C15 -> 575 | H15: =(Dane!F15-Dane!C15)*Dane!D15*Dane!E15 -> 675 | I15: =Dane!F15*(Dane!G15-Dane!D15)*Dane!E15 -> -100 | J15: =Dane!F15*Dane!G15*(Dane!H15-Dane!E15) -> 0 | K15: =E15 -> 0 | L15: =ROUND(G15-(H15+I15+J15+K15),2) -> 0 | M15: =IF(G15=0,"brak odchylenia",IF(AND(ABS(H15)>=ABS(I15),ABS(H15)>=ABS(J15),ABS(H15)>=ABS(K15)),"Ruch",IF(AND(ABS(I15)>=ABS(J15),ABS(I15)>=ABS(K15)),"Jakość",IF(ABS(J15)>=ABS(K15),"Stawka","Jednorazowe")))) -> Ruch
A16: =Dane!A16 -> Partner D | B16: =Dane!B16 -> Wrzesień | C16: =Dane!C16*Dane!D16*Dane!E16 -> 3150 | D16: =Dane!F16*Dane!G16*Dane!H16 -> 3782.5 | E16: =Dane!I16 -> 0 | F16: =D16+E16 -> 3782.5 | G16: =F16-C16 -> 632.5 | H16: =(Dane!F16-Dane!C16)*Dane!D16*Dane!E16 -> 675 | I16: =Dane!F16*(Dane!G16-Dane!D16)*Dane!E16 -> -42.5 | J16: =Dane!F16*Dane!G16*(Dane!H16-Dane!E16) -> 0 | K16: =E16 -> 0 | L16: =ROUND(G16-(H16+I16+J16+K16),2) -> 0 | M16: =IF(G16=0,"brak odchylenia",IF(AND(ABS(H16)>=ABS(I16),ABS(H16)>=ABS(J16),ABS(H16)>=ABS(K16)),"Ruch",IF(AND(ABS(I16)>=ABS(J16),ABS(I16)>=ABS(K16)),"Jakość",IF(ABS(J16)>=ABS(K16),"Stawka","Jednorazowe")))) -> Ruch
A17: Razem | C17: =SUM(C5:C16) -> 63726 | D17: =SUM(D5:D16) -> 60377.9 | E17: =SUM(E5:E16) -> -3500 | F17: =SUM(F5:F16) -> 56877.9 | G17: =SUM(G5:G16) -> -6848.1 | H17: =SUM(H5:H16) -> -1913.6 | I17: =SUM(I5:I16) -> -422 | J17: =SUM(J5:J16) -> -1012.5 | ... L17: =SUM(L5:L16) -> 0

Sheet Podsumowanie
A1: Podsumowanie wg partnera
A3: Partner | B3: Plan (zł) | C3: Wykonanie (zł) | D3: Odchylenie (zł) | E3: Odchylenie (%) | F3: Efekt ruchu (zł) | G3: Efekt jakości (zł) | H3: Efekt stawki (zł) | I3: Efekt jednorazowy (zł) | J3: Największy czynnik (wg wartości bezwzględnej)
A4: Partner A | B4: =SUMIFS(Analiza_PVM!$C$5:$C$16,Analiza_PVM!$A$5:$A$16,$A4) -> 17550 | C4: =SUMIFS(Analiza_PVM!$F$5:$F$16,Analiza_PVM!$A$5:$A$16,$A4) -> 16449.3 | D4: =SUMIFS(Analiza_PVM!$G$5:$G$16,Analiza_PVM!$A$5:$A$16,$A4) -> -1100.7 | E4: =IFERROR(D4/B4,0) -> -0.062717949 | F4: =SUMIFS(Analiza_PVM!$H$5:$H$16,Analiza_PVM!$A$5:$A$16,$A4) -> -90 | G4: =SUMIFS(Analiza_PVM!$I$5:$I$16,Analiza_PVM!$A$5:$A$16,$A4) -> 1.8 | H4: =SUMIFS(Analiza_PVM!$J$5:$J$16,Analiza_PVM!$A$5:$A$16,$A4) -> -1012.5 | I4: =SUMIFS(Analiza_PVM!$K$5:$K$16,Analiza_PVM!$A$5:$A$16,$A4) -> 0 | J4: =IF(AND(ABS(F4)>=ABS(G4),ABS(F4)>=ABS(H4),ABS(F4)>=ABS(I4)),"Ruch",IF(AND(ABS(G4)>=ABS(H4),ABS(G4)>=ABS(I4)),"Jakość",IF(ABS(H4)>=ABS(I4),"Stawka","Jednorazowe"))) -> Stawka
A5: Partner B | B5: =SUMIFS(Analiza_PVM!$C$5:$C$16,Analiza_PVM!$A$5:$A$16,$A5) -> 19845 | C5: =SUMIFS(Analiza_PVM!$F$5:$F$16,Analiza_PVM!$A$5:$A$16,$A5) -> 16478 | D5: =SUMIFS(Analiza_PVM!$G$5:$G$16,Analiza_PVM!$A$5:$A$16,$A5) -> -3367 | E5: =IFERROR(D5/B5,0) -> -0.1696649 | F5: =SUMIFS(Analiza_PVM!$H$5:$H$16,Analiza_PVM!$A$5:$A$16,$A5) -> -4095 | G5: =SUMIFS(Analiza_PVM!$I$5:$I$16,Analiza_PVM!$A$5:$A$16,$A5) -> 728 | H5: =SUMIFS(Analiza_PVM!$J$5:$J$16,Analiza_PVM!$A$5:$A$16,$A5) -> 0 | I5: =SUMIFS(Analiza_PVM!$K$5:$K$16,Analiza_PVM!$A$5:$A$16,$A5) -> 0 | J5: =IF(AND(ABS(F5)>=ABS(G5),ABS(F5)>=ABS(H5),ABS(F5)>=ABS(I5)),"Ruch",IF(AND(ABS(G5)>=ABS(H5),ABS(G5)>=ABS(I5)),"Jakość",IF(ABS(H5)>=ABS(I5),"Stawka","Jednorazowe"))) -> Ruch
A6: Partner C | B6: =SUMIFS(Analiza_PVM!$C$5:$C$16,Analiza_PVM!$A$5:$A$16,$A6) -> 17556 | C6: =SUMIFS(Analiza_PVM!$F$5:$F$16,Analiza_PVM!$A$5:$A$16,$A6) -> 13480.6 | D6: =SUMIFS(Analiza_PVM!$G$5:$G$16,Analiza_PVM!$A$5:$A$16,$A6) -> -4075.4 | E6: =IFERROR(D6/B6,0) -> -0.23213716 | F6: =SUMIFS(Analiza_PVM!$H$5:$H$16,Analiza_PVM!$A$5:$A$16,$A6) -> 246.4 | G6: =SUMIFS(Analiza_PVM!$I$5:$I$16,Analiza_PVM!$A$5:$A$16,$A6) -> -821.8 | H6: =SUMIFS(Analiza_PVM!$J$5:$J$16,Analiza_PVM!$A$5:$A$16,$A6) -> 0 | I6: =SUMIFS(Analiza_PVM!$K$5:$K$16,Analiza_PVM!$A$5:$A$16,$A6) -> -3500 | J6: =IF(AND(ABS(F6)>=ABS(G6),ABS(F6)>=ABS(H6),ABS(F6)>=ABS(I6)),"Ruch",IF(AND(ABS(G6)>=ABS(H6),ABS(G6)>=ABS(I6)),"Jakość",IF(ABS(H6)>=ABS(I6),"Stawka","Jednorazowe"))) -> Jednorazowe
A7: Partner D | B7: =SUMIFS(Analiza_PVM!$C$5:$C$16,Analiza_PVM!$A$5:$A$16,$A7) -> 8775 | C7: =SUMIFS(Analiza_PVM!$F$5:$F$16,Analiza_PVM!$A$5:$A$16,$A7) -> 10470 | D7: =SUMIFS(Analiza_PVM!$G$5:$G$16,Analiza_PVM!$A$5:$A$16,$A7) -> 1695 | E7: =IFERROR(D7/B7,0) -> 0.19316239 | F7: =SUMIFS(Analiza_PVM!$H$5:$H$16,Analiza_PVM!$A$5:$A$16,$A7) -> 2025 | G7: =SUMIFS(Analiza_PVM!$I$5:$I$16,Analiza_PVM!$A$5:$A$16,$A7) -> -330 | H7: =SUMIFS(Analiza_PVM!$J$5:$J$16,Analiza_PVM!$A$5:$A$16,$A7) -> 0 | I7: =SUMIFS(Analiza_PVM!$K$5:$K$16,Analiza_PVM!$A$5:$A$16,$A7) -> 0 | J7: =IF(AND(ABS(F7)>=ABS(G7),ABS(F7)>=ABS(H7),ABS(F7)>=ABS(I7)),"Ruch",IF(AND(ABS(G7)>=ABS(H7),ABS(G7)>=ABS(I7)),"Jakość",IF(ABS(H7)>=ABS(I7),"Stawka","Jednorazowe"))) -> Ruch
A8: Razem | B8: =SUM(B4:B7) -> 63726 | C8: =SUM(C4:C7) -> 56877.9 | D8: =SUM(D4:D7) -> -6848.1 | E8: =IFERROR(D8/B8,0) -> -0.10746163 | F8: =SUM(F4:F7) -> -1913.6 | G8: =SUM(G4:G7) -> -422 | H8: =SUM(H4:H7) -> -1012.5 | I8: =SUM(I4:I7) -> -3500
A10: Kontrola: suma efektów − odchylenie całkowite (powinno być 0) | B10: =ROUND(F8+G8+H8+I8-D8,2) -> 0
A11: Partner z największym ujemnym odchyleniem | B11: =INDEX(A4:A7,MATCH(MIN(D4:D7),D4:D7,0)) -> Partner C
A12: Partner z największym dodatnim odchyleniem | B12: =INDEX(A4:A7,MATCH(MAX(D4:D7),D4:D7,0)) -> Partner D

Sheet Wnioski
A1: Wnioski: co się stało i co robimy dalej
A3: ="1. Łączne odchylenie prowizji od planu: "&ROUND(Podsumowanie!D8,0)&" zł ("&ROUND(Podsumowanie!E8*100,1)&"% planu)." -> 1. Łączne odchylenie prowizji od planu: -6848 zł (-10,7% planu).
A4: ="2. Rozbicie: ruch "&ROUND(Podsumowanie!F8,0)&" zł, jakość graczy "&ROUND(Podsumowanie!G8,0)&" zł, stawka "&ROUND(Podsumowanie!H8,0)&" zł, jednorazowe "&ROUND(Podsumowanie!I8,0)&" zł." -> 2. Rozbicie: ruch -1914 zł, jakość graczy -422 zł, stawka -1013 zł, jednorazowe -3500 zł.
A5: ="3. Największy minus: "&Podsumowanie!B11&" ("&ROUND(MIN(Podsumowanie!D4:D7),0)&" zł). Największy plus: "&Podsumowanie!B12&" ("&ROUND(MAX(Podsumowanie!D4:D7),0)&" zł)." -> 3. Największy minus: Partner C (-4075 zł). Największy plus: Partner D (1695 zł).
A6: ="4. Czynniki, na które mamy wpływ: ruch ("&ROUND(Podsumowanie!F8,0)&" zł) i jakość ("&ROUND(Podsumowanie!G8,0)&" zł). Poza naszą kontrolą: stawka i korekty jednorazowe." -> 4. Czynniki, na które mamy wpływ: ruch (-1914 zł) i jakość (-422 zł). Poza naszą kontrolą: stawka i korekty jednorazowe.
A10: Partner A | Rozmowa o przywróceniu stawki, argumenty: wolumen i jakość graczy. Przygotować alternatywę w rankingu
A11: Partner B | Zespół SEO sprawdza pozycje i treści, odzyskanie widoczności
A12: Partner C | Wyjaśnić z partnerem źródło carryover i czy się powtórzy. Sprawdzić, które promocje przyciągają bonus hunterów
A13: Partner D | Utrzymać kampanię i pilnować, czy spadek NGR/FTD się nie pogłębia
